participant_id,halitosis,periodontal_status,age,sex,smoking,oral_hygiene,h2s_ppb,ch3sh_ppb,vscs_ppb,n_teeth,n_implants,reads_after_qc,included_in_analysis,sra_run,biosample
1S-1,0,healthy,31,M,0,Good,85.0,2.0,87.0,28,0,27646,1,SRR30328744,SAMN43216520
1S-2,0,healthy,27,M,0,Good,0.0,0.0,0.0,28,0,27191,1,SRR30328743,SAMN43216521
1S-3,0,healthy,42,M,0,Good,0.0,0.0,0.0,28,0,27519,1,SRR30328730,SAMN43216522
1S-4,1,healthy,26,F,0,Good,344.0,42.0,386.0,28,0,25752,1,SRR30328719,SAMN43216523
1S-5,0,healthy,24,F,0,Good,0.0,0.0,0.0,24,0,27705,1,SRR30328708,SAMN43216524
1S-6,0,healthy,24,M,0,Good,85.0,4.0,89.0,28,0,27599,1,SRR30328697,SAMN43216525
1S-7,0,healthy,29,F,0,Good,4.0,3.0,7.0,28,0,27761,1,SRR30328686,SAMN43216526
1S-8,0,healthy,43,M,1,Good,1.0,0.0,1.0,27,0,27694,1,SRR30328675,SAMN43216527
1S-9,1,healthy,28,M,0,Good,471.0,66.0,537.0,28,0,27187,1,SRR30328664,SAMN43216528
1S-10,0,healthy,48,F,0,Good,8.0,3.0,11.0,27,1,26652,1,SRR30328653,SAMN43216529
1S-11,0,healthy,48,M,0,Good,39.0,0.0,39.0,28,0,27707,1,SRR30328742,SAMN43216530
1S-12,0,healthy,49,F,0,Good,0.0,0.0,0.0,28,0,27518,1,SRR30328739,SAMN43216531
1S-13,0,healthy,69,M,0,Good,0.0,6.0,6.0,27,4,27619,1,SRR30328738,SAMN43216532
1S-14,0,healthy,49,M,0,Good,0.0,0.0,0.0,28,0,27338,1,SRR30328737,SAMN43216533
1S-15,0,healthy,61,F,0,Good,1.0,0.0,1.0,24,0,27611,1,SRR30328736,SAMN43216534
1S-16,1,healthy,53,F,0,Good,122.0,62.0,184.0,27,0,27600,1,SRR30328735,SAMN43216535
1S-17,0,healthy,52,F,0,Good,1.0,0.0,1.0,27,0,26422,1,SRR30328734,SAMN43216536
1S-18,0,healthy,51,F,0,Good,69.0,4.0,73.0,28,0,27463,1,SRR30328733,SAMN43216537
1S-19,0,healthy,29,F,0,Good,0.0,0.0,0.0,28,0,25003,1,SRR30328732,SAMN43216538
1S-20,1,healthy,30,M,0,Good,125.0,75.0,200.0,24,0,27175,1,SRR30328731,SAMN43216539
1S-21,0,healthy,75,F,0,Good,0.0,0.0,0.0,24,2,27760,1,SRR30328729,SAMN43216540
1S-22,0,healthy,32,F,0,Good,0.0,0.0,0.0,28,0,27753,1,SRR30328728,SAMN43216541
1S-23,1,healthy,32,F,0,Good,78.0,38.0,116.0,28,0,27275,1,SRR30328727,SAMN43216542
1S-24,0,healthy,33,M,0,Good,0.0,0.0,0.0,28,0,26612,1,SRR30328726,SAMN43216543
1S-25,0,healthy,33,M,0,Good,0.0,43.0,43.0,28,0,27794,1,SRR30328725,SAMN43216544
1S-26,0,healthy,62,F,0,Good,0.0,0.0,0.0,28,0,27786,1,SRR30328724,SAMN43216545
1S-27,0,healthy,21,M,0,Good,0.0,0.0,0.0,28,0,27073,1,SRR30328723,SAMN43216546
1S-28,0,healthy,33,F,0,Good,43.0,6.0,49.0,28,0,27196,1,SRR30328722,SAMN43216547
1S-29,0,healthy,40,F,0,Good,54.0,1.0,55.0,28,0,27070,1,SRR30328721,SAMN43216548
1S-30,0,healthy,25,M,0,Good,0.0,2.0,2.0,28,0,27728,1,SRR30328720,SAMN43216549
1S-31,0,healthy,29,F,0,Good,0.0,0.0,0.0,28,0,27763,1,SRR30328718,SAMN43216550
1S-32,0,healthy,28,F,0,Good,0.0,0.0,0.0,24,0,27776,1,SRR30328717,SAMN43216551
1S-33,0,healthy,25,M,0,Good,0.0,0.0,0.0,26,0,27512,1,SRR30328716,SAMN43216552
2S-1,1,gingivitis,43,F,0,Moderate,1239.0,227.0,1466.0,28,0,26029,1,SRR30328715,SAMN43216553
2S-2,1,gingivitis,25,M,0,Moderate,423.0,92.0,515.0,28,0,27710,1,SRR30328714,SAMN43216554
2S-3,0,gingivitis,29,M,0,Moderate,0.0,0.0,0.0,28,0,27794,1,SRR30328713,SAMN43216555
2S-4,0,gingivitis,29,F,0,Moderate,0.0,0.0,0.0,27,0,27702,1,SRR30328712,SAMN43216556
2S-5,0,gingivitis,30,F,0,Moderate,0.0,0.0,0.0,28,0,27725,1,SRR30328711,SAMN43216557
2S-6,0,gingivitis,32,F,0,Moderate,0.0,0.0,0.0,28,0,27765,1,SRR30328710,SAMN43216558
2S-7,0,gingivitis,31,M,1,Moderate,0.0,0.0,0.0,28,0,25334,1,SRR30328709,SAMN43216559
2S-8,0,gingivitis,25,M,0,Moderate,0.0,0.0,0.0,28,0,27492,1,SRR30328707,SAMN43216560
2S-9,0,gingivitis,43,M,0,Moderate,0.0,0.0,0.0,28,0,27282,1,SRR30328706,SAMN43216561
2S-10,0,gingivitis,47,F,0,Moderate,0.0,0.0,0.0,28,0,27381,1,SRR30328705,SAMN43216562
2S-11,0,gingivitis,35,F,0,Moderate,0.0,0.0,0.0,28,0,26784,1,SRR30328704,SAMN43216563
2S-12,1,gingivitis,51,F,0,Moderate,439.0,54.0,493.0,28,1,27672,1,SRR30328703,SAMN43216564
2S-13,1,gingivitis,33,M,0,Moderate,167.0,17.0,184.0,28,0,27464,1,SRR30328702,SAMN43216565
2S-14,1,gingivitis,66,M,0,Moderate,343.0,64.0,407.0,27,0,26433,1,SRR30328701,SAMN43216566
2S-15,1,gingivitis,37,M,0,Moderate,428.0,100.0,528.0,28,0,27308,1,SRR30328700,SAMN43216567
2S-16,1,gingivitis,41,F,0,,,,,28,0,0,0,not_deposited,
2S-17,1,gingivitis,23,F,0,Moderate,100.0,42.0,142.0,24,0,26104,1,SRR30328699,SAMN43216568
2S-18,0,gingivitis,59,F,0,Moderate,0.0,0.0,0.0,28,0,27519,1,SRR30328698,SAMN43216569
2S-19,0,gingivitis,60,F,0,Moderate,3.0,0.0,3.0,28,0,27594,1,SRR30328696,SAMN43216570
2S-20,1,gingivitis,50,M,0,,,,,28,0,1,0,not_deposited,
2S-21,0,gingivitis,50,M,1,Moderate,0.0,0.0,0.0,27,3,27302,1,SRR30328695,SAMN43216571
2S-22,0,gingivitis,20,F,0,Moderate,0.0,0.0,0.0,28,0,27628,1,SRR30328694,SAMN43216572
2S-23,1,gingivitis,68,M,0,Moderate,126.0,69.0,195.0,28,1,27794,1,SRR30328693,SAMN43216573
2S-24,1,gingivitis,44,M,0,Moderate,90.0,65.0,155.0,28,0,26062,1,SRR30328692,SAMN43216574
2S-25,0,gingivitis,30,M,0,Moderate,0.0,0.0,0.0,28,0,27586,1,SRR30328691,SAMN43216575
2S-26,0,gingivitis,50,M,0,Moderate,43.0,21.0,64.0,28,0,26985,1,SRR30328690,SAMN43216576
2S-27,0,gingivitis,60,M,0,Moderate,0.0,0.0,0.0,26,2,27743,1,SRR30328689,SAMN43216577
2S-28,0,gingivitis,29,M,1,Moderate,36.0,0.0,36.0,28,0,27381,1,SRR30328688,SAMN43216578
2S-29,1,gingivitis,65,F,0,Moderate,306.0,3.0,309.0,26,1,27221,1,SRR30328687,SAMN43216579
2S-30,1,gingivitis,69,M,0,Moderate,951.0,236.0,1187.0,23,4,25734,1,SRR30328685,SAMN43216580
2S-31,0,gingivitis,39,F,0,Moderate,32.0,4.0,36.0,24,0,27794,1,SRR30328684,SAMN43216581
2S-32,0,gingivitis,36,F,0,Moderate,0.0,0.0,0.0,28,0,27768,1,SRR30328683,SAMN43216582
2S-33,1,gingivitis,55,F,0,Moderate,188.0,12.0,200.0,28,0,27078,1,SRR30328682,SAMN43216583
2S-34,0,gingivitis,64,F,0,Moderate,47.0,29.0,76.0,27,6,27353,1,SRR30328681,SAMN43216584
2S-35,0,gingivitis,47,F,0,Moderate,0.0,0.0,0.0,26,0,27505,1,SRR30328680,SAMN43216585
2S-36,0,gingivitis,63,M,0,Moderate,9.0,2.0,11.0,28,0,25680,1,SRR30328679,SAMN43216586
2S-37,0,gingivitis,73,F,0,Moderate,77.0,7.0,84.0,22,3,27794,1,SRR30328678,SAMN43216587
2S-38,0,gingivitis,80,M,0,Moderate,0.0,0.0,0.0,21,4,27788,1,SRR30328677,SAMN43216588
2S-39,0,gingivitis,65,M,0,Moderate,0.0,0.0,0.0,28,6,25772,1,SRR30328676,SAMN43216589
2S-40,0,gingivitis,39,M,0,Moderate,0.0,0.0,0.0,28,1,27794,1,SRR30328674,SAMN43216590
2S-41,0,gingivitis,74,F,0,Moderate,0.0,0.0,0.0,23,5,27794,1,SRR30328673,SAMN43216591
2S-42,1,gingivitis,23,M,1,Moderate,179.0,11.0,190.0,28,0,27781,1,SRR30328672,SAMN43216592
2S-43,0,gingivitis,32,M,0,Moderate,0.0,7.0,7.0,28,0,27794,1,SRR30328671,SAMN43216593
3S-1,1,periodontitis,40,M,1,Moderate,62.0,47.0,109.0,28,1,27794,1,SRR30328670,SAMN43216594
3S-2,0,periodontitis,53,F,0,Moderate,1.0,5.0,6.0,26,0,27640,1,SRR30328669,SAMN43216595
3S-3,0,periodontitis,56,F,0,Moderate,0.0,0.0,0.0,26,0,27433,1,SRR30328668,SAMN43216596
3S-4,0,periodontitis,51,M,0,Moderate,0.0,0.0,0.0,28,1,27233,1,SRR30328667,SAMN43216597
3S-5,0,periodontitis,54,F,0,Moderate,0.0,2.0,2.0,28,0,27412,1,SRR30328666,SAMN43216598
3S-6,1,periodontitis,46,F,0,Moderate,88.0,4.0,92.0,28,0,27771,1,SRR30328665,SAMN43216599
3S-7,0,periodontitis,60,M,1,Moderate,28.0,5.0,33.0,26,1,27303,1,SRR30328663,SAMN43216600
3S-8,0,periodontitis,75,M,0,Moderate,0.0,0.0,0.0,27,2,27794,1,SRR30328662,SAMN43216601
3S-9,0,periodontitis,70,F,0,Moderate,0.0,1.0,1.0,22,4,25875,1,SRR30328661,SAMN43216602
3S-10,1,periodontitis,49,M,0,Moderate,269.0,38.0,307.0,28,0,27423,1,SRR30328660,SAMN43216603
3S-11,0,periodontitis,68,F,0,Moderate,29.0,1.0,30.0,25,1,27794,1,SRR30328659,SAMN43216604
3S-12,0,periodontitis,65,M,0,Moderate,0.0,0.0,0.0,26,0,27493,1,SRR30328658,SAMN43216605
3S-13,0,periodontitis,86,M,0,Moderate,0.0,0.0,0.0,24,0,27786,1,SRR30328657,SAMN43216606
3S-14,0,periodontitis,45,M,0,Moderate,5.0,7.0,12.0,28,0,27770,1,SRR30328656,SAMN43216607
3S-15,1,periodontitis,45,M,0,Moderate,359.0,73.0,432.0,24,0,27490,1,SRR30328655,SAMN43216608
3S-16,0,periodontitis,38,M,0,Moderate,0.0,1.0,1.0,28,0,27026,1,SRR30328654,SAMN43216609
3S-17,0,periodontitis,57,M,0,Moderate,161.0,54.0,215.0,28,2,27731,1,SRR30328652,SAMN43216610
3S-18,1,periodontitis,63,F,0,Moderate,86.0,20.0,106.0,28,0,30271,1,SRR30328651,SAMN43216611
3S-19,0,periodontitis,62,F,0,Moderate,0.43,13.0,13.43,26,6,27196,1,SRR30328650,SAMN43216612
3S-20,1,periodontitis,74,M,0,Moderate,224.0,70.0,294.0,28,1,27718,1,SRR30328649,SAMN43216613
3S-21,1,periodontitis,37,F,0,Moderate,96.0,22.0,118.0,24,0,26909,1,SRR30328648,SAMN43216614
3S-22,1,periodontitis,61,F,0,Moderate,104.0,7.0,111.0,27,5,27464,1,SRR30328647,SAMN43216615
3S-23,1,periodontitis,46,F,1,Moderate,1188.0,148.0,1336.0,28,0,27058,1,SRR30328646,SAMN43216616
3S-24,1,periodontitis,56,F,0,Moderate,97.0,73.0,170.0,27,4,27618,1,SRR30328645,SAMN43216617
3S-25,0,periodontitis,65,F,0,Moderate,6.0,0.0,6.0,17,0,27794,1,SRR30328644,SAMN43216618
3S-26,1,periodontitis,55,F,0,Moderate,387.0,68.0,455.0,28,3,27795,1,SRR30328643,SAMN43216619
3S-27,1,periodontitis,53,M,0,Moderate,1399.0,203.0,1602.0,28,6,27618,1,SRR30328741,SAMN43216620
3S-28,0,periodontitis,60,M,1,Moderate,0.0,3.0,3.0,26,2,27726,1,SRR30328740,SAMN43216621
