,Actinomycetia,Alphaproteobacteria,Anaerolineae,Bacilli,Bacteroidia,Betaproteobacteria,Clostridia,Coriobacteriia,Cytophagia,Deltaproteobacteria,Endomicrobia,Epsilonproteobacteria,Erysipelotrichia,Flavobacteriia,Fusobacteriia,Gammaproteobacteria,Methanobacteria,Mollicutes,Negativicutes,Spartobacteria,Spirochaetia,Synergistia,Tissierellia
0.0,47.201303403330925,0.0,0.0,42.80231716147719,1.8211440984793628,1.060825488776249,3.997103548153512,0.1882693700217234,0.0,0.0,0.0,0.09775524981897175,0.40188269370021723,0.1955104996379435,0.3222302679217958,0.2715423606082549,0.0,0.0,1.5351194786386677,0.0,0.007241129616220129,0.0,0.09775524981897175
0.0,17.276747556579583,0.0037162287710431454,0.0,52.69240774462076,8.205433126463264,3.7236612285852315,1.939871418484522,0.6354751198483779,0.0,0.0,0.0,0.42365007989891856,0.14121669329963954,0.7692593556059311,2.6199412835854177,5.786168196514177,0.0,0.0,5.507451038685942,0.0,0.014864915084172581,0.0,0.26013601397302016
0.0,42.46935859839086,0.0,0.0,51.0226332806978,0.5338747274231145,0.32333258139709753,4.406346341830212,0.19550342130987292,0.0,0.0,0.0,0.05263553650650425,0.20302278366794496,0.0075193623580720355,0.05263553650650425,0.13534852244529663,0.0,0.0,0.5902699451086547,0.0,0.0,0.0,0.0075193623580720355
0.0,37.51672139121975,0.0,0.0,45.182212493412784,1.289067250395233,0.08918075317199724,10.292269650168228,1.8363127812233977,0.0,0.0,0.0,0.012161011796181443,1.3863553447646844,0.0,0.34050833029308036,0.08107341197454296,0.0,0.0,0.7215533665734323,0.0,0.0,0.0,1.2525842150066886
0.0,16.305290546400695,0.0,0.0,62.633709164498406,0.007227522405319457,0.007227522405319457,17.255709742700205,0.5384504191962995,0.0,0.0,0.0,0.0,2.4573576178086154,0.0,0.0505926568372362,0.0,0.0,0.0,0.3830586874819312,0.0,0.0,0.0,0.3613761202659728
0.0,31.649660481498966,0.0,0.0,44.11924906496242,7.948727259522858,1.358074004139584,6.089545735139257,0.39217110279966594,0.0,0.0,0.0,0.21424162097389157,0.5120011619884527,0.3268092523330549,0.664512146410545,3.050219688441846,0.0,0.0,3.042957260612223,0.0,0.0,0.0,0.6318312211772396
0.0,32.52159396094941,0.0,0.0,48.45031574363069,2.4606227770922553,2.4932859113014443,1.760180010161864,0.6060826014371778,0.0,0.02177542280612615,0.0,0.12702329970240256,0.11976482543369384,0.19960804238948973,1.0052986862161573,8.321840749074545,0.0,0.02177542280612615,1.030703346156638,0.0,0.08347245409015025,0.032663134209189225,0.7439936125426435
0.0,16.998566794900807,0.0,0.07920343969223806,55.54801237082296,1.9800859923059515,1.3653164365995323,12.75175379045033,2.3119861205400922,0.0,0.0,0.0,0.21120917251263488,1.3690880289658294,0.222523949611526,1.4369766915591764,1.2257675190465414,0.0,0.0,1.8103643358225845,0.0,0.16595006411707022,0.30549898167006106,2.2176963113826655
0.0,13.797245054986302,0.0,0.0,47.156851705888975,4.421424013812258,1.8015989190406485,9.965094020943587,0.8144728446496265,0.0,0.0,0.0,0.10133993919603648,1.1372593176444095,1.0321660473670384,1.0621926960177157,0.9908794054723568,0.0,0.0,0.6793529257215779,0.0,0.04503997297601621,0.0,16.99508313628345
0.0,30.742076010214813,0.0,0.0,56.69595914075409,1.2167643082469581,0.40934354814480994,6.951329427670122,1.8927444794952681,0.0,0.0,0.0,0.041309899354063394,1.2017425266636623,0.02253267237494367,0.06008712633318312,0.24785939612438035,0.0,0.0,0.39807721195733814,0.0,0.0,0.0,0.12017425266636624
0.0,31.82147777536074,0.007251105793633529,0.0,27.068377927633964,5.351316075701544,16.162714814009135,2.788050177652092,0.054383293452251465,0.0,0.0,0.0,0.4749474294829962,0.27191646726125734,4.038865927053876,2.4218693350735987,8.342397215575375,0.0,0.0,0.9100137771010078,0.0,0.021753317380900587,0.0,0.2646653614676238
0.0,26.58518788763225,0.0,0.0,44.41444728201386,10.492520977745349,3.0499817584823057,4.585917548340022,3.2615833637358627,0.0,0.0,0.0,0.6165632980663991,0.8792411528639182,0.21524990879241152,0.3684786574242977,1.60525355709595,0.0,0.0,3.786939073330901,0.0,0.0,0.0,0.13863553447646842
0.0,40.017474879860195,0.0,0.0036405999708752,48.150575214795396,1.3324595893403233,0.7208387942332897,1.998689384010485,0.291247997670016,0.0,0.0,0.0,0.16746759866025923,0.109217999126256,0.2329983981360128,0.6953545944371632,1.0302897917576816,0.0,0.0,5.0749963594000285,0.0,0.0,0.0,0.17474879860200962
0.0,41.60904401273186,0.0,0.0,41.54318955109209,4.38298028024732,0.018292906011048916,0.9292796253612848,1.0463542238319978,0.0,0.007317162404419567,0.0,0.3000036585812022,0.35122379541213916,0.025610068415468482,0.16097757289723044,0.135367504481762,0.0,0.0,9.369626458859255,0.0,0.0,0.0,0.12073317967292285
0.0,37.5750300120048,0.0,0.0,45.720106224307905,1.3314416675761214,7.62486812906981,1.3350794863399904,0.14551275055476737,0.0,0.0,0.0,0.33104150751209577,0.10913456291607553,0.7566663028847903,1.185928917021354,2.491905853250391,0.0,0.0,0.9858488850085488,0.0,0.18552875695732837,0.0,0.2219069445960202
0.0,34.33962264150943,0.0,0.0,42.97856750320571,3.8761677962996886,0.09525554130793186,6.898699395493681,5.1034988093057345,0.0,0.0,0.0,0.11357391463638028,0.5568785491848324,0.08060084264517312,0.24180252793551935,0.37003114123465836,0.0,0.0,5.008243267997801,0.0,0.029309397325517492,0.0,0.30774867191793365
0.0,40.175518577615684,0.0,0.0,45.95015576323988,3.970063065116632,0.4786870298609528,3.571157206899172,1.029557024542208,0.0,0.0,0.0,0.39130765139427093,0.2811336524580199,0.04938834435073323,0.250740825165261,0.34191930704353773,0.0,0.0,3.4875769318440852,0.0,0.0,0.0,0.022794620469569184
0.0,25.003784438389342,0.0,0.0,48.22131395700878,5.828035119588253,7.9586739327883755,3.1864971238268245,0.4654859218891917,0.0,0.0,0.0,0.24598849530729638,0.5979412655161974,0.7682409930366334,1.7408416590977898,2.7172267635482896,0.0,0.0,2.1949742658189524,0.0,0.07947320617620346,0.0,0.9915228580078715
0.0,25.52891396332863,0.0,0.0,51.46080999395527,6.222043119081201,0.7898448519040903,6.1414467056215996,1.7610316340922825,0.0,0.0,0.0,0.9993955268990529,2.619383437437034,0.08059641345960104,0.2941769091275438,0.30223655047350395,0.0,0.0,3.614749143663107,0.0,0.076566592786621,0.0,0.10880515817046142
0.0,24.775078722447144,0.0,0.0,45.18293597240965,7.489878542510121,3.8648972859499175,11.043634727845255,0.6372769530664268,0.0,0.0,0.0,0.4198530514319988,0.51731893837157,0.7534862798020693,1.4769830559304242,1.3795171689908532,0.0,0.0,1.634427950217424,0.0,0.03748687959214275,0.0,0.7872244714349977
0.0,56.08019758826094,0.0,0.04358564579398518,27.6550922562836,2.567920964695627,0.11259625163446171,0.7954380357402295,2.695045764928084,0.0,0.00726427429899753,0.0,0.6356240011622839,0.14165334883045186,0.07627488013947406,2.103007409559785,0.10896411448496296,0.0,0.0,6.516054046200785,0.0,0.01452854859799506,0.14528548597995058,0.3014673834083975
0.0,22.357181474139484,0.0,0.0,68.9205262209407,0.16939989187240945,0.1153360965939809,4.152099477383312,0.8469994593620472,0.0,0.0,0.0,0.039646783204180934,0.3568210488376284,0.0,0.8506037123806092,0.14056586772391422,0.0,0.0,1.5858713281672372,0.0,0.0,0.0,0.46494863939448544
0.0,22.490479535623173,0.0,0.0,70.0595260102784,0.1515879764853773,0.12940437017044404,3.7046622545938552,0.27729507893666583,0.0,0.0,0.0,0.0,0.421488519983732,0.01109180315746663,0.01848633859577772,0.03697267719155544,0.0,0.0,0.7875180241801308,0.0,0.0,0.0,1.9114874108034166
0.0,27.334808484663515,0.0,0.0,65.24111094155349,0.0610407446970853,0.22890279261406987,4.1088051274225545,0.18312223409125591,0.0,0.0,0.0,0.02289027926140699,0.26705325804974817,0.053410651609949636,0.09537616358919578,0.08393102395849229,0.0,0.0,1.0796581718296963,0.0,0.0,0.0,1.2398901266595452
0.0,38.52803553017686,0.0,0.0,43.81790784360378,0.0,0.0,3.1128558965818067,0.6939487667539059,0.0,0.0,0.0,0.0,0.023792529145848205,0.0,0.22602902688555793,0.0,0.0,0.0,13.553810770084858,0.0,0.0,0.0,0.04361963676738837
0.0,49.762247838616716,0.0,0.0,45.043227665706056,0.039625360230547545,0.05403458213256483,1.505763688760807,0.34221902017291067,0.0,0.0,0.0,0.021613832853025938,0.15129682997118157,0.0,0.014409221902017292,0.018011527377521614,0.0,0.0,2.9863112391930837,0.0,0.0,0.0,0.061239193083573486
0.0,62.46994858897067,0.0,0.0,29.6482597921367,0.044383622443318414,0.044383622443318414,4.900691644783075,1.283426415652624,0.0,0.0,0.0,0.0,0.7693161223508524,0.0,0.0,0.0,0.0,0.0,0.41054850760069533,0.0,0.0,0.0,0.4290416836187447
0.0,31.6699604743083,0.0,0.0,52.0522955305564,0.011401641836424446,0.0,8.66144724840377,2.6223776223776225,0.0,0.0,0.0,0.0,0.8893280632411068,0.0,0.0,0.0,0.0,0.0,4.093189419276376,0.0,0.0,0.0,0.0
0.0,27.393898202688415,0.0,0.0,62.188491164476666,0.21522428636157678,0.13970699290137442,5.452348587826612,1.3857423349947138,0.0,0.04153451140311131,0.0,0.09439661682525298,0.3133967678598399,0.04153451140311131,0.022655188038060717,0.03398278205709108,0.0,0.0,2.1635704576347985,0.0,0.007551729346020239,0.03398278205709108,0.47198308412626494
0.032772558444395895,32.372004952297715,0.0,0.0,53.881727477969555,0.9868181487145874,3.3464423567110915,3.0259995630325545,0.14565581530842617,0.0,0.0,0.0,0.41876046901172526,0.05462093074065982,0.3604981428883548,0.8848590779986891,0.7464860534556843,0.0,0.0,3.572208870439152,0.0,0.09831767533318768,0.0,0.07282790765421308
0.0,16.553312856516015,0.0,0.0,56.808541758081034,6.015065087026474,8.084686265906099,1.7368728974696503,2.3658037150797133,0.0,0.0,0.0,0.1645458534444932,0.12066695919262836,0.3254351323679977,1.2871142313880357,3.36039198478865,0.0,0.040222319730876116,1.9928331139388622,0.0,0.7057188825508264,0.04387889425186486,0.39491004826678366
0.0,16.003026917948905,0.0,0.0,59.26993621851465,0.7315051709848294,4.843068718244387,2.017945299268495,0.054052106230406106,0.0,0.0,0.0,0.30629526863896794,0.043241684984324895,0.34593347987459916,1.430579078231415,11.091492198479335,0.0,0.0,3.639508486180678,0.0,0.06846600122518107,0.0,0.15494937119383084
0.0,14.550390725318266,0.0,0.0,67.56429541035331,3.1881718457643906,1.5408885790806033,2.425065120886378,0.4365850974061708,0.0,0.0,0.0,0.7264189015665701,0.1100634699343288,0.2164581575375133,1.063946876031845,1.4418314561397072,0.0,0.0,6.633158454708882,0.0,0.02201269398686576,0.0,0.08071321128517445
0.0,35.7492806594603,0.0,0.0,37.48347460922311,7.504471576327863,0.5910257407263395,8.989812582626953,3.68224589781476,0.0,0.0,0.0,0.12442647173186096,2.037483474609223,0.038883272416206545,0.3538377789874796,0.5015942141690645,0.0,0.0,2.741270705342562,0.0,0.0,0.0,0.20219301656427402
0.0,35.577455431292215,0.0,0.011072970878086591,27.98508839921751,8.45605876056546,1.0740781751743993,16.16284649171373,1.9968257483482819,0.0,0.01476396117078212,0.0,0.19931347580555864,1.886096039567416,0.14763961170782122,2.6759679622042594,0.5388845827335474,0.0,0.0,2.993393127376075,0.0,0.08120178643930166,0.044291883512346364,0.15502159229321227
0.0072356282334213665,54.48066278354619,0.0,0.01808907058355342,41.970261567960634,0.0072356282334213665,0.03979595528381752,1.7184617054375746,0.49564053398936364,0.0,0.0,0.0,0.0,0.07959191056763504,0.0072356282334213665,0.03256032705039615,0.05426721175066025,0.0,0.0,1.0238413950291234,0.0,0.0,0.0,0.0651206541007923
0.0,39.8967098847918,0.0,0.0,50.39546390263281,1.9032828921232259,0.050561594857163494,0.13001552963270613,0.7078623280002889,0.0,0.0,0.0,0.04333850987756871,0.11918090216331395,0.0036115424897973925,0.036115424897973925,0.46227743869406623,0.0,0.0,6.229910794900502,0.0,0.0,0.0,0.021669254938784355
0.0,36.35277073524086,0.0,0.0,48.710612097066274,3.234335385729808,3.28141977544368,1.4523723288663528,0.6048533140166606,0.0,0.0,0.0,0.21369069177834119,0.38391886997464686,0.48533140166606303,0.7895689967403116,2.4302788844621515,0.0,0.0,1.73850054328142,0.0,0.003621876131836291,0.0,0.3187250996015936
0.0,45.19674257711156,0.014413375612568464,0.0,48.2631882386855,1.7079850100893628,0.17296050735082155,0.6990487172095705,0.41798789276448545,0.0,0.0,0.0,0.1621504756413952,0.03243009512827904,0.16935716344767945,0.281060824445085,0.3927644854424906,0.0,0.0,2.453877198039781,0.0,0.0,0.0,0.03603343903142116
0.0,40.01191185229303,0.0,0.0,46.194163192376415,1.6835417907484613,0.1588246972404209,5.47548143736351,1.6398649990073455,0.0,0.0,0.0,0.039706174310105216,0.41294421282509425,0.02779432201707365,0.6273575540996625,0.24617828072265238,0.0,0.0,3.4385546952551125,0.0,0.0,0.0,0.043676791741115745
0.0,46.853224610822835,0.0,0.0,37.48702742772424,1.1823573017049667,0.3113417346182357,8.573017049666419,1.653076352853966,0.0,0.0,0.0,0.12601927353595258,0.8191252779836915,0.037064492216456635,0.4670126019273536,0.8784284655300222,0.0,0.0,0.7968865826538176,0.0,0.0815418828762046,0.025945144551519646,0.7079318013343218
0.0,15.352327179525277,0.0,0.03714572267003455,59.05055532855391,0.5646149845845251,0.0742914453400691,17.425058504513206,0.45317781657442147,0.0,0.0074291445340069085,0.0,0.0074291445340069085,0.8840681995468221,0.06314772853905873,0.27487834775825565,0.3528843653653282,0.0,0.0,0.15972660748114856,0.0,0.0,0.018572861335017274,5.274692619144905
0.0,27.527474602515202,0.0,0.011329732995959062,41.3195362362627,7.900600475848786,0.929038105668643,6.627893802636052,2.2810529098530914,0.0,0.056648664979795316,0.0,1.1518561879225047,0.8119641980437328,0.181275727935345,1.9524906529702784,2.8135503606631667,0.0,0.022659465991918124,4.59609501869406,0.0,0.9630273046565203,0.24170097058046,0.6118055817817893
0.0,34.64109051089378,0.0,0.0,57.202733829248956,0.02265604349960352,0.0,4.840841294415285,1.2611864214779291,0.0,0.0,0.0,0.0,0.5022089642412113,0.0,0.0,0.02643205074953744,0.0,0.0,1.355586602726277,0.0,0.0,0.0,0.14726428274742287
0.0,33.14985938127762,0.0,0.016070711128967456,30.526315789473685,7.866613097629569,2.8967456809963843,8.288469264764965,2.8846926476496586,0.0,0.08437123342707915,0.0,0.9240658899156288,1.5226998794696667,2.0208919244676578,2.334270791482523,2.43471273603857,0.0,0.04821213338690237,3.3226195259140217,0.0,0.6026516673362796,0.08035355564483729,0.9963840899959824
0.0,11.895177521938653,0.0,0.0,60.46614604299171,2.990902503824169,0.5474599468641816,9.962965944770952,1.549794702519926,0.0,0.0,0.0,0.08050881571532083,2.044923919169149,0.0684324933580227,0.5192818613638194,0.9500040254407858,0.0,0.0,3.333064970614282,0.0,0.03622896707189437,0.020127203928830207,5.534981080428307
0.0,24.0907971430917,0.0,0.00410475330432641,53.81742057302357,0.5213036696494541,0.02052376652163205,14.01773253427469,2.1960430178146293,0.0,0.09440932599950744,0.0,0.0,1.5474919957310567,0.0,0.8332649207782612,0.01231425991297923,0.0,0.0,0.9892455463426647,0.0,0.0,0.09030457269518101,1.765043920860356
0.0,12.504152823920267,0.0,0.0,51.652823920265774,1.88953488372093,0.6187707641196014,22.674418604651162,2.117940199335548,0.0,0.04983388704318936,0.0,0.0872093023255814,2.8737541528239205,0.1079734219269103,0.6602990033222591,0.0872093023255814,0.0,0.0,0.7350498338870431,0.0,0.24086378737541528,1.4825581395348837,2.217607973421927
0.0,20.792839857104443,0.0,0.0,56.17101371336381,2.731148926362694,0.14980985672031652,12.33818614835017,1.8783851265701226,0.0,0.0,0.0,0.07298428917143626,0.837398686282795,0.019206391887220068,0.7260016133369186,0.23047670264664083,0.0,0.0,4.006453347674106,0.0,0.0,0.0,0.046095340529328156
0.0,41.12636062470421,0.0,0.0,42.16753431140559,3.473005933961921,5.6427245258291165,1.5508391277440023,0.17838290436492044,0.0,0.0,0.0,0.3312825366777094,0.19658524154501436,0.506024973606611,0.8373075102843205,2.6684626306017694,0.0,0.003640467436018785,1.1431067749098984,0.0,0.0,0.0,0.17474243692890168
0.0,43.47663240251363,0.016646552082899828,0.09987931249739897,36.02313870739523,0.04161638020724957,0.020808190103624787,11.819051978858878,1.3192392525698113,0.0,0.1747887968704482,0.0,0.0,3.841191893129136,0.0,0.42864871613467065,0.0,0.0,0.0,1.4981896874609846,0.0,0.0,0.2829913854092971,0.9571767447667402
0.0,31.996558303093785,0.0,0.044891698776701204,52.33249784893943,1.215816841868991,0.21323556918933073,7.848565336126595,3.568890052747746,0.0,0.0,0.0,0.09726534734951929,0.8791291010437321,0.03366877408252591,0.32172384123302533,0.1870487449029217,0.0037409748980584343,0.0,0.9801354232913096,0.0,0.0,0.01870487449029217,0.25812726796603197
0.0,12.465591820684232,0.0,0.011797090051120724,45.21824616594573,12.304364923318916,2.335823830121903,9.826976012583563,0.8965788438851751,0.0,0.0,0.0,0.9398348407392842,1.0381439244986237,1.368462445930004,3.708218639402281,6.433346441211168,0.0,0.051120723554856466,2.2139205662603225,0.0,0.656704679512387,0.0,0.5308690523004326
0.0,24.027807951336086,0.003620826996886089,0.12310811789412703,54.01187631254979,2.3064667970164385,0.0,10.880585125642696,2.9147657324933016,0.0,0.010862480990658266,0.0,0.3620826996886089,0.2281121008038236,0.010862480990658266,0.2244912738069375,1.0029690781374465,0.0,0.0,1.263668621913245,0.0,0.018104134984430444,1.1550438120066624,1.4555724527482077
0.0,32.30016313213703,0.0,0.015536394002951915,43.99129961935835,0.07768197001475957,0.015536394002951915,13.547735570574067,3.3597452031383512,0.0,0.0,0.0,0.0077681970014759575,2.9985240425697195,0.0,0.13205934902509125,0.0,0.0,0.0,2.823739610036511,0.0,0.0,0.03495688650664181,0.6952536316320982
0.0,29.14786691610726,0.0,0.0,62.75631855030996,0.5539048457503393,0.21642639668390742,3.53251898316276,1.4196104324859689,0.0,0.0,0.0,0.08436961226660798,0.22376288470709071,0.055023660173874764,0.3814973772055317,0.44385752540258977,0.0,0.0,1.0968049594659035,0.0,0.014672976046366604,0.0,0.07336488023183302
0.0,24.232932030041134,0.0,0.007548024304638261,58.88213760048308,0.3132430086424878,0.0,3.415480997848813,2.664452579537306,0.0,0.022644072913914782,0.0,0.007548024304638261,0.8831188436426765,0.007548024304638261,0.5434577499339548,0.007548024304638261,0.0,0.0,8.495301354870364,0.0,0.0,0.08302826735102088,0.4340113975167
0.0,51.90151760931473,0.0,0.0,32.6700551530226,2.90905158429761,1.7122670415630294,6.009156122706464,0.349662953750766,0.0,0.0,0.0,0.1802386359540031,0.5623445441764897,0.49745863523304856,0.811073861793014,1.0345697703759777,0.0,0.0,1.2869038607115821,0.0,0.03244295447172056,0.0,0.043257272628960744
0.0,23.353986264556585,0.0,0.014929829799940281,40.93012839653628,8.03971334726784,0.21275007464914902,8.554792475365781,1.9334129590922664,0.0,0.048521946849805916,0.0,0.5897282770976411,0.7726186921469095,0.29486413854882054,1.6833383099432668,1.0040310540459838,0.0,0.044789489399820845,10.491937891908032,0.0,0.8957897879964168,0.06718423409973126,1.06748283069573
0.0,23.15711094564408,0.0,0.0,57.442293373045416,2.2524199553239015,1.7907669396872674,9.43782576321668,0.40208488458674607,0.0,0.0,0.0,0.06329113924050633,0.6701414743112435,0.37602382725241995,0.5398361876396128,0.7259865971705138,0.0,0.0,1.9918093819806402,0.0,0.0,0.011169024571854057,1.139240506329114
0.0,23.312132106032475,0.0,0.00790107849721487,48.54027574763955,2.804882866511279,0.3832023071149212,13.178998933354402,2.9629044364555766,0.0,0.03160431398885948,0.0,0.19357642318176432,0.47801524908149967,0.14221941294986765,0.5570260340536484,0.05925808872911152,0.0,0.0,6.1549401493303835,0.0,0.1461699521984751,0.2804882866511279,0.7664046142298424
0.0,27.052894899032015,0.0,0.0,27.71997244679694,2.9583439074792444,14.030381031794947,0.9462349998187289,1.0586230649312982,0.0,0.0,0.0,0.2392778160461154,0.21752528731465035,1.4429177391871806,0.5909436972048001,18.863067831635426,0.0,0.0,4.734800420548889,0.0,0.06163216473915092,0.010876264365732517,0.07250842910488345
0.0,26.155187445510027,0.0,0.0,52.355862173533986,1.497289716083545,0.13267124066563057,6.497100185739738,2.5283347863993026,0.0,0.0,0.0,0.04548728251393048,1.5731018536067625,0.09097456502786096,2.960463970281642,1.0803229597058488,0.0,0.02274364125696524,3.7261665592661384,0.0,0.026534248133126114,0.0,1.3077593722755012
0.0,27.752197572205944,0.0,0.0,54.92598652916777,2.7169983637124697,0.5898245747555082,8.284181285437041,1.4992960158301305,0.0,0.0,0.0,0.1446021538110278,0.9208874005860191,0.12177023478823394,0.38053198371323105,0.6773469310095513,0.0,0.0,1.6819513680124816,0.0,0.007610639674264621,0.0,0.29681494729632024
0.0,50.64915794940278,0.007418947993174567,0.0,42.33622672305067,1.4689517026485643,0.2856294977372209,2.7598486534609394,0.6602863713925365,0.0,0.0,0.0,0.12983158988055496,0.5415832035017434,0.10015579790785667,0.08160842792492025,0.2596631797611099,0.0,0.0,0.41546108761777584,0.0,0.0,0.11128421989761851,0.19289264782253876
0.0,31.038147238814172,0.0,0.0,44.15698633148888,2.3159514822822382,7.4498882333540974,5.434424126937594,0.43240866283117735,0.0,0.0,0.0,0.15757264831983583,0.4140862618637547,1.3045549488805013,1.3265418300414085,4.459672395470702,0.0,0.007328960386969109,1.0260544541756753,0.0,0.025651361354391878,0.0,0.4507310637986001
0.0,42.75373783719642,0.0,0.04350921604303457,47.65445771695277,0.023732299659837038,0.38762756111067165,4.655486116604699,0.8148089549877382,0.0,0.0,0.0,0.09097381536270864,0.4509136935369038,0.023732299659837038,1.1707934498852939,0.04350921604303457,0.0,0.0,0.9572027529467606,0.0,0.0,0.011866149829918519,0.9176489201803655
0.0,37.9076967384261,0.0,0.0,51.87918496652026,2.397580819353445,0.2411980704154367,1.2995896032831737,0.8027935776513787,0.0,0.0,0.0,0.23399812801497588,0.1583987328101375,0.6119951040391677,0.46439628482972134,1.285189718482252,0.0,0.0,2.649578803369573,0.0,0.0,0.0,0.06839945280437756
0.0,34.163778953127846,0.0,0.014590552617180376,44.034287798650375,1.6086084260441362,1.6195513405070219,2.8779865037388292,0.4158307495896407,0.0,0.0,0.0,0.14955316432609886,0.20426773664052525,0.3173445194236732,1.1161772752142987,10.548969542221412,0.0,0.0,2.651832938172533,0.0,0.03282874338865585,0.040124019697246036,0.20426773664052525
0.0,22.2379882543061,0.003941508020968822,0.0,43.762563556816836,3.306925229592842,0.2798470694887864,11.438256276851524,2.558038705608766,0.0,0.0,0.0,0.14977730479681525,0.9617279571163928,0.244373497300067,2.1678294115328525,0.35473572188719404,0.0,0.0,12.262031453234007,0.0,0.023649048125812935,0.007883016041937644,0.2404319892790982
0.0,39.390775213336696,0.0,0.0,30.626867821265257,1.8183127497929643,0.0,0.504086702912901,2.984913405105678,0.0,0.0,0.0,0.0,0.03240557375868649,0.0,1.0693839340366542,0.0,0.0,0.0,23.41842796961077,0.0,0.007201238613041443,0.0,0.14762539156734958
0.0,6.301648846590687,0.031332001723260096,0.23499001292445074,16.79786942388282,35.973054478517994,0.9242940508361728,2.6593036462617006,1.4373555790545567,0.0,0.2545725140014882,0.0,0.9595425527748404,0.12141150667763288,1.5626835859475972,1.9543336074883482,0.05091450280029766,0.011749500646222535,1.5313515842243373,24.391963341557986,0.0,1.5783495868092272,1.5509340853013749,1.6723455919790076
0.0,58.64304861262044,0.0,0.0,31.072955154676517,2.5393030500615805,0.3260160834601174,3.097152792871115,0.6556545678475694,0.0,0.0,0.0,0.09056002318336594,0.3115264797507788,0.05433601391001957,0.23545606027675142,0.659276968774904,0.0,0.0,1.9307396942693615,0.0,0.007244801854669276,0.007244801854669276,0.369484894588133
0.0,30.236714447240765,0.0,0.0,47.955647955647954,2.8485975854396908,3.3555823029507237,6.492322281795966,1.313053944632892,0.0,0.0,0.0,0.7185322974796658,0.2115475799686326,0.583579530947952,2.6005762847868112,1.2546959915380969,0.0,0.0,2.173833752781121,0.0,0.0875369296421928,0.0,0.1677791151475362
0.0,28.074027603513173,0.003920953575909661,0.5959849435382686,13.923306148055206,13.856649937264741,0.7802697616060226,10.31210790464241,0.788111668757842,0.0,0.6469573400250941,0.0,1.1723651191969888,0.1450752823086575,0.7018506900878294,16.268036386449182,0.27054579673776663,0.0,0.11370765370138018,1.933030112923463,0.0,3.285759096612296,2.823086574654956,4.305207026348808
0.0,14.578145598359454,0.0,0.02197158341877838,69.23245935257067,1.856598798886773,0.9411161564376739,5.397685659879889,0.23802548703676576,0.0,0.08422440310531712,0.0,0.17943459792002342,0.5236560714808847,0.13915336165226308,0.9447780870074705,3.453200527318002,0.0,0.014647722279185588,1.71744543723451,0.0,0.17211073678043065,0.16112494507104147,0.3442214735608613
0.0,34.729547138560775,0.0,0.1787037440613695,17.050952360197012,2.4931351610513013,4.66373185721135,4.938325415159308,0.8324979296517456,0.0,0.18306237196530534,0.0,0.9022359761147191,0.0740966743669093,15.006755873251102,8.002440831626204,1.503726626857865,0.0,0.0,4.593993810748376,0.0,1.342457394412239,0.5186767205683651,2.9856601141960515
0.0,28.294306703397616,0.01147842056932966,0.030609121518212427,50.54713804713805,2.525252525252525,1.1861034588307315,7.143403734312825,1.3468013468013467,0.0,0.24104683195592286,0.0,0.31374349556167735,0.36730945821854916,0.09182736455463728,0.9297520661157025,3.7075298438934805,0.0,0.019130700948882768,1.8365472910927456,0.0,0.31374349556167735,0.1147842056932966,0.9794918885827977
0.0,32.45725280972581,0.008746228189093453,0.0,34.85809244763196,6.459089517645515,6.284164953863646,6.117986618270871,1.3993965102549526,0.0,0.021865570472733634,0.0,1.8979315170332793,0.7609218524511304,2.20404950365155,1.2900686578912843,1.7098876109677703,0.0,0.0,2.3571084969606857,0.0,0.5291468054401539,0.5204005772510605,1.1238903222985088
0.0,37.21042292153156,0.0037065866043960115,0.040772452648356126,29.797249712739536,3.2803291448904703,3.20619741280255,15.904963119463286,0.41143111308795727,0.0,0.0,0.0,0.16679639719782052,1.1861077134067237,0.38548500685718523,0.3780718336483932,0.4670299121538975,0.0,0.037065866043960116,0.28911375514288895,0.0,0.303940101560473,2.335149560769487,4.596167389451055
0.0,37.136555780187464,0.007351589781290204,0.007351589781290204,44.326410586289285,2.0731483183238373,0.4741775408932182,8.586656864546958,1.944495497151259,0.0,0.06984010292225694,0.0,0.07351589781290203,0.48152913067450837,0.13600441095386878,0.323469950376769,0.27200882190773756,0.0,0.05146112846903143,3.712552839551553,0.0,0.0,0.01837897445322551,0.3050909759235435
0.007195797654169965,60.613801539900706,0.0,0.0,36.92883356120026,0.010793696481254948,0.06476217888752968,0.13312225660214436,0.6836007771461466,0.0,0.0,0.0,0.0,0.007195797654169965,0.0,0.0,0.1223285601208894,0.0,0.0,1.3779952507735485,0.0,0.0,0.0,0.05037058357918975
0.0,27.796135753994477,0.0,0.0,51.89907864557012,4.633985149477122,2.091513431559305,7.425261439178945,0.7036504295766436,0.0,0.0,0.0,0.20215371457450532,1.9126851455895502,0.1866034288380049,0.6336741437623916,0.4976091435680131,0.0,0.0038875714341251024,0.9252420013217741,0.0,0.0,0.03887571434125102,1.0496442872137774
0.0,44.37619538031485,0.0,0.25378843607473883,35.732676180667944,0.36780932764454904,0.4119464469618949,12.52758569957334,1.552155362659997,0.0,0.787111961159335,0.0,0.014712373105781962,0.9783728115345005,0.0,1.2100926879505665,0.06620567897601883,0.16183610416360159,0.0,0.4744740326614682,0.0,0.0,0.9379137854936002,0.14712373105781962
0.010908694229300754,21.58830587978619,0.007272462819533835,0.0,53.53259881458856,8.108796043780227,0.5708883313334061,1.3999490927602634,1.1999563652230827,0.0036362314097669176,0.0,0.0,0.2290825788153158,0.1890840333078797,0.40362168648412783,1.276317224828188,3.7053198065524895,0.0,0.0,6.239773099160031,0.0,0.9926911748663685,0.10181447947347369,0.43998400058179704
0.0,26.775285496410373,0.0,0.0,62.10616374660566,0.7365249414127887,0.7997619313320686,4.869248223784547,0.4910166276085258,0.0,0.0,0.0,0.16367220920284195,0.7067663579213629,0.3608228248335379,0.4686976899899564,0.7328051184763605,0.0,0.0,1.037830599263475,0.0,0.0,0.0,0.7514042331585017
0.0,33.960197188241736,0.0,0.010954902318787658,56.89245937557057,0.2921307285010042,0.02921307285010042,2.687602702209239,3.067372649260544,0.0,0.01460653642505021,0.0,0.01460653642505021,0.16797516888807743,0.0,0.20449150995070295,0.12780719371918936,0.0036516341062625525,0.02556143874383787,1.8732882965126894,0.0,0.02556143874383787,0.05842614570020084,0.5440934818331202
0.018375597206909226,2.804116133774347,0.018375597206909226,0.014700477765527378,37.43476662991547,4.347666299154723,24.369717015803012,2.811466372657111,0.75707460492466,0.0,0.014700477765527378,0.0,0.7019478133039323,0.5145167217934583,14.928335170893053,1.826534362366777,2.201396545387725,0.0,0.018375597206909226,5.825064314590224,0.018375597206909226,0.5880191106210952,0.09555310547592798,0.6909224549797869
0.0,33.84716300426369,0.0,0.0,46.93342079370285,0.17856492110345834,0.036441820633358844,14.69698626143362,0.6960387740971539,0.0,0.0,0.0,0.0,1.6726795670711707,0.0,0.10932546190007653,0.0,0.0,0.0,1.643526110564484,0.0,0.0,0.12025800809008418,0.06559527714004591
0.0,20.360980777962766,0.0,0.0,40.756016346299376,12.66459815347359,2.247616164673831,10.178598456182836,1.5476010292114424,0.0,0.0,0.0,0.37081882851521114,0.9535341304676858,0.5675798395640987,3.091418192825791,2.433025578931437,0.0,0.007567731194187983,2.8606023914030576,0.0,0.3102769789617073,0.011351596791281972,1.6384138035416982
0.0,38.42093847154942,0.0,0.0,53.564456655339455,0.4265779770081701,0.3145108813534813,0.8929216976357459,0.7157833851493023,0.0,0.014460270407056611,0.0,0.04338081122116983,0.05061094642469814,0.16267804207938688,0.24582459691996242,1.1495914973610006,0.0,0.003615067601764153,3.6114525341623884,0.0,0.06507121683175475,0.057841081628226446,0.260284867327019
0.0,38.63643974148612,0.0,0.0066972507785554025,41.28520242440478,9.945417406154775,0.0066972507785554025,5.682617285604259,1.1485785085222517,0.0,0.010045876167833106,0.0,0.0,0.6965140809697619,0.0,0.06027525700699862,0.0,0.0,0.0,2.052707363627231,0.0,0.0,0.02009175233566621,0.44871580216321194
0.0,19.365908825020476,0.0,0.0,62.96845142923995,0.0077993994462426395,0.0,9.000506960964005,2.6439964122762545,0.0,0.10529189252427562,0.0,0.0,0.5147603634520141,0.0,0.10529189252427562,0.0,0.0,0.0,4.5197519790976095,0.0,0.0,0.26517958117224977,0.5030612642826502
0.0,49.2012896607313,0.0,0.007327617791455998,44.544588554261004,0.5092694365061918,0.16487140030775996,2.905400454312303,0.8756503260789916,0.0,0.0,0.0,0.0,0.3077599472411519,0.0,0.03297428006155199,0.03297428006155199,0.0,0.0,0.19418187147358393,0.0,0.0,0.14288854693339195,1.0808236242397598
0.0,27.688633480110457,0.0,0.0,40.249272333756245,0.06716919173072616,0.018658108814090604,26.334054780207477,0.8993208448391672,0.0,0.0,0.0,0.0,1.5113068139413388,0.007463243525636242,0.022389730576908726,0.014926487051272483,0.0,0.0,1.8471527725949697,0.0,0.0,0.05224270467945369,1.2874095081722516
0.0,47.28379757911623,0.0,0.0,49.135919498322885,0.03281318360799183,0.06927227650576054,1.458363715910748,0.39740411258567887,0.0,0.007291818579553741,0.0,0.0,0.2187545573866122,0.0,0.007291818579553741,0.01093772786933061,0.0,0.0,1.3271109814787807,0.0,0.0,0.0,0.051042730056876186
0.0,53.90639996928629,0.0,0.00767842745805659,33.71213575459746,1.0864974853150073,0.1804430452643299,3.144316044074174,2.52236341997159,0.0,0.02303528237416977,0.0,0.1420509079740469,0.39543901408991444,0.04223135101931125,0.1650861903482167,0.11517641187084886,0.0,0.0,3.274849310861136,0.0,0.09214112949667908,0.07294506085153761,1.1172111951472339
0.0,45.24495677233429,0.0,0.06566227702185094,45.15740706963849,1.1344982307664246,0.2553532995294203,3.9981030897749243,0.2115784481815197,0.0,0.3064239594353044,0.0,0.08754970269580126,0.41950899208404774,0.09849341553277641,0.1532119797176522,0.39032575785211393,0.0,0.0,0.80618684565717,0.0,0.11673293692773502,0.6566227702185095,0.897384452631963
0.0,50.29502770382097,0.0,0.0,45.12124919047277,0.0,0.007195797654169965,2.0939771173634596,0.5540764193710872,0.0,0.0,0.0,0.0,0.205080233143844,0.0,0.08994747067712457,0.01439159530833993,0.0,0.0,1.575879686263222,0.0,0.0,0.03238108944376484,0.010793696481254946
0.0,44.524641930754484,0.0,0.1127777151234916,30.468779369196646,3.3570166535092665,0.8909439494755836,11.593549114694936,0.4661478891770986,0.0,0.02255554302469832,0.030074057366264426,0.10901845795270855,0.10149994361114245,0.15788880117288825,0.8007217773767904,1.1879252659674449,0.07518514341566106,0.015037028683132213,1.131536408405699,0.0,2.2668320739821812,1.8946656140746587,0.7932032630352243
0.0,39.1213003575246,0.0,0.09214551619918175,35.45759463344514,3.2324647082672957,4.216578821274557,9.04500387011168,1.1831484279974938,0.0,0.39438280933249786,0.0,0.1105746194390181,0.7113633850576832,0.6487044340422395,1.4042976668755298,0.681876819873945,0.022114923887803617,0.00368582064796727,1.6512476502893372,0.0,0.4017544506284325,0.6081604069145995,1.0136006781909992
0.0,43.3799585553582,0.0037004144464179984,0.011101243339253997,35.85331557134399,4.4441977501480165,0.4736530491415039,4.581113084665483,1.3876554174067497,0.0,0.10731201894612197,0.0,0.3626406157489639,0.24422735346358795,0.4107460035523979,0.6512729425695678,1.2729425695677916,0.0,0.029603315571343988,5.706039076376554,0.0,0.7474837181764357,0.20352279455298994,0.12951450562462996
