Acholeplasmatales,Acidaminococcales,Actinomycetales,Anaerolineales,Bacillales,Bacteroidales,Bifidobacteriales,Burkholderiales,Campylobacterales,Cardiobacteriales,Chthoniobacterales,Coriobacteriales,Corynebacteriales,Cytophagales,Desulfobacterales,Desulfovibrionales,Eggerthellales,Endomicrobiales,Enterobacterales,Erysipelotrichales,Eubacteriales,Flavobacteriales,Fusobacteriales,Hyphomicrobiales,Lactobacillales,Legionellales,Methanobacteriales,Micrococcales,Moraxellales,Mycoplasmatales,Neisseriales,Pasteurellales,Propionibacteriales,Pseudomonadales,Rhodobacterales,Rhodospirillales,Selenomonadales,Sphingomonadales,Spirochaetales,Synechococcales,Synergistales,Tissierellales,Veillonellales,Xanthomonadales
0.0,0.0,5.456191165821868,0.0,3.0593772628530047,1.8211440984793628,0.0,0.010861694424330196,0.09775524981897175,0.0,0.0,0.1882693700217234,0.11223750905141201,0.0,0.0,0.0,0.0,0.0,0.0,0.40188269370021723,3.997103548153512,0.1955104996379435,0.3222302679217958,0.0,39.742939898624186,0.0,0.0,41.625633598841425,0.0,0.0,1.0499637943519189,0.2715423606082549,0.007241129616220129,0.0,0.0,0.0,0.02172338884866039,0.0,0.007241129616220129,0.0,0.0,0.09775524981897175,1.5133960897900072,0.0
0.0,0.0,8.781448585974951,0.0,9.892600988516854,8.205433126463264,0.0,0.1969601248652867,0.42365007989891856,0.014864915084172581,0.0,0.6354751198483779,0.3121632167676242,0.0,0.0,0.0,0.0,0.0,0.0,0.14121669329963954,1.939871418484522,0.7692593556059311,2.6199412835854177,0.0,42.799806756103905,0.0,0.0,8.171987067523876,0.0,0.0,3.526701103719945,5.756438366345832,0.011148686313129437,0.014864915084172581,0.0,0.0037162287710431454,0.09662194804712179,0.0,0.014864915084172581,0.0,0.0,0.26013601397302016,5.41082909063882,0.0
0.0,0.0,5.1545228964583805,0.0,1.9775923001729452,0.5338747274231145,0.05263553650650425,0.0,0.05263553650650425,0.0,0.0,0.19550342130987292,0.05263553650650425,0.0,0.0,0.0,0.0,0.0,0.0,0.20302278366794496,4.406346341830212,0.0075193623580720355,0.05263553650650425,0.0,49.04504098052485,0.0,0.0,37.209564628919466,0.0,0.0,0.32333258139709753,0.13534852244529663,0.0,0.0,0.0,0.0,0.015038724716144071,0.0,0.0,0.0,0.0,0.0075193623580720355,0.5752312203925106,0.0
0.0,0.0,10.88410555758239,0.0,7.681705784587944,1.289067250395233,0.0770197413758158,0.008107341197454295,0.012161011796181443,0.0,0.0,1.8282054400259435,4.986014836434392,0.0,0.0,0.0,0.008107341197454295,0.0,0.0,1.3863553447646844,10.292269650168228,0.0,0.34050833029308036,0.0,37.50050670882484,0.0,0.0,21.4722931614577,0.0,0.0,0.08107341197454296,0.08107341197454296,0.09728809436945154,0.0,0.0,0.0,0.15809315335035876,0.0,0.0,0.0,0.0,1.2525842150066886,0.5634602132230735,0.0
0.0,0.0,6.475860075166233,0.0,0.9070540618675917,0.007227522405319457,0.0,0.0,0.0,0.0,0.0,0.5384504191962995,0.09757155247181266,0.0,0.0,0.0,0.0,0.0,0.0,2.4573576178086154,17.255709742700205,0.0,0.0505926568372362,0.0,61.72665510263082,0.0,0.0,9.728245157559988,0.0,0.0,0.007227522405319457,0.0,0.0036137612026597285,0.0,0.0,0.0,0.10479907487713211,0.0,0.0,0.0,0.0,0.3613761202659728,0.2782596126047991,0.0
0.0,0.0,11.104252151494244,0.0,2.0915792149315515,7.948727259522858,0.0,0.22513526271832673,0.21424162097389157,0.02541849740368205,0.0,0.39217110279966594,0.3268092523330549,0.0,0.0,0.0,0.0,0.0,0.010893641744435164,0.5120011619884527,6.089545735139257,0.3268092523330549,0.664512146410545,0.0,42.02766985003086,0.0,0.0,20.153237227205054,0.0,0.0,1.1329387414212573,3.0139075492937284,0.06536185046661099,0.0,0.0,0.0,0.058099422636987544,0.0,0.0,0.0,0.0,0.6318312211772396,2.9848578379752353,0.0
0.0,0.0,5.6688684038615085,0.0,3.781665093997242,2.4606227770922553,0.003629237134354359,0.30122668215141174,0.12702329970240256,0.007258474268708718,0.0,0.6060826014371778,0.3629237134354359,0.0,0.02177542280612615,0.0,0.0,0.0,0.0,0.11976482543369384,1.760180010161864,0.19960804238948973,1.0052986862161573,0.0,44.66865064963345,0.0,0.0,26.464397183711984,0.0,0.02177542280612615,2.1920592291500327,8.314582274805836,0.02177542280612615,0.0,0.0,0.0,0.02903389707483487,0.0,0.08347245409015025,0.0,0.032663134209189225,0.7439936125426435,1.001669449081803,0.0
0.0,0.0,8.697291996680999,0.07920343969223806,12.691408312589575,1.9800859923059515,0.0,0.0,0.21120917251263488,0.011314777098891152,0.0,2.2742701968771213,0.4601342686882402,0.0,0.0,0.0,0.0377159236629705,0.0,0.0,1.3690880289658294,12.75175379045033,0.222523949611526,1.4369766915591764,0.0,42.85660405823339,0.0,0.0,7.784566644037113,0.0,0.0,1.3653164365995323,1.2144527419476503,0.05657388549445575,0.0,0.0,0.0,0.3507580900656257,0.0,0.16595006411707022,0.0,0.30549898167006106,2.2176963113826655,1.4596062457569587,0.0
0.0,0.0,4.346357392185564,0.0,8.561348196524415,4.421424013812258,0.0,0.060053297301354946,0.10133993919603648,0.0,0.0,0.8144728446496265,0.25522651353075854,0.0,0.0,0.0,0.0,0.0,0.0,1.1372593176444095,9.965094020943587,1.0321660473670384,1.0621926960177157,0.0,38.59550350936456,0.0,0.0,9.195661149269977,0.0,0.0,1.7415456217392937,0.9908794054723568,0.0,0.0,0.0,0.0,0.0,0.0,0.04503997297601621,0.0,0.0,16.99508313628345,0.6793529257215779,0.0
0.0,0.0,8.389665014270692,0.0,5.385308697611537,1.2167643082469581,0.02253267237494367,0.052576235541535225,0.041309899354063394,0.0,0.0,1.8927444794952681,2.7640078113264233,0.0,0.0,0.0,0.0,0.0,0.0,1.2017425266636623,6.951329427670122,0.02253267237494367,0.06008712633318312,0.0,51.310650443142556,0.0,0.0,19.539582394471985,0.0,0.0,0.35676731260327477,0.24785939612438035,0.026288117770767613,0.0,0.0,0.0,0.003755445395823945,0.0,0.0,0.0,0.0,0.12017425266636624,0.3943217665615142,0.0
0.0,0.0,4.223769124791531,0.0,1.3342034660285693,5.351316075701544,0.0,0.924515988688275,0.4749474294829962,0.02537887027771735,0.0,0.054383293452251465,0.3915597128562106,0.0,0.0,0.0,0.0,0.0,0.0,0.27191646726125734,2.788050177652092,4.038865927053876,2.4218693350735987,0.0,25.7341744616054,0.0,0.0,27.101007903705316,0.0,0.0,15.238198825320861,8.30251613371039,0.10514103400768617,0.014502211587267059,0.0,0.007251105793633529,0.08701326952360235,0.0,0.021753317380900587,0.0,0.0,0.2646653614676238,0.8230005075774056,0.0
0.0,0.0,13.951112732579352,0.0,1.5906603429405326,10.492520977745349,0.0,0.3684786574242977,0.6165632980663991,0.0,0.0,3.2615833637358627,0.08026267785479752,0.0,0.0,0.0,0.0,0.0,0.0,0.8792411528639182,4.585917548340022,0.21524990879241152,0.3684786574242977,0.0,42.82378693907333,0.0,0.0,12.513681138270702,0.0,0.0,2.6815031010580084,1.60525355709595,0.04013133892739876,0.0,0.0,0.0,0.3903684786574243,0.0,0.0,0.0,0.0,0.13863553447646842,3.396570594673477,0.0
0.0,0.0,3.7862239697102082,0.0036405999708752,2.704965778360274,1.3324595893403233,0.054608999563128,0.109217999126256,0.16746759866025923,0.0072811999417504,0.0,0.291247997670016,0.9975243920198048,0.0,0.0,0.0,0.0,0.0,0.0,0.109217999126256,1.998689384010485,0.2329983981360128,0.6953545944371632,0.0,45.44560943643513,0.0,0.0,35.09538371923693,0.0,0.0,0.6116207951070336,1.0230085918159313,0.08373379933012962,0.0,0.0,0.0,0.11285859909713121,0.0,0.0,0.0,0.0,0.17474879860200962,4.962137760302897,0.0
0.0,0.0,19.01364650788424,0.0,0.007317162404419567,4.38298028024732,0.9585482749789632,0.0,0.3000036585812022,0.0,0.0,1.01342699301211,0.06951304284198588,0.0,0.007317162404419567,0.0,0.03292723081988805,0.0,0.0,0.35122379541213916,0.9292796253612848,0.025610068415468482,0.16097757289723044,0.0,41.53587238868767,0.0,0.0,21.56733618702667,0.0,0.0,0.018292906011048916,0.135367504481762,0.0,0.0,0.0,0.0,0.30732082098562175,0.0,0.0,0.0,0.0,0.12073317967292285,9.062305637873633,0.0
0.0,0.0,4.740077849321547,0.0,2.611953872458074,1.3314416675761214,0.0,1.9607843137254901,0.33104150751209577,0.05820510022190694,0.0,0.14551275055476737,0.2837498635817963,0.0,0.0,0.0,0.0,0.0,0.0,0.10913456291607553,1.3350794863399904,0.7566663028847903,1.185928917021354,0.0,43.10815235184983,0.0,0.0,32.518461930226636,0.0,0.0,5.66408381534432,2.426425115500746,0.03274036887482266,0.0072756375277383675,0.0,0.0,0.061842918985776124,0.0,0.18552875695732837,0.0,0.0,0.2219069445960202,0.9240059660227729,0.0
0.0,0.0,11.621176039567686,0.0,1.1430664956951824,3.8761677962996886,0.06960981864810405,0.007327349331379373,0.11357391463638028,0.0,0.0,5.1034988093057345,0.24912987726689867,0.0,0.0,0.0,0.0,0.0,0.0,0.5568785491848324,6.898699395493681,0.08060084264517312,0.24180252793551935,0.0,41.83550100751054,0.0,0.0,22.399706906026744,0.0,0.0,0.08792819197655248,0.37003114123465836,0.0,0.0,0.0,0.0,0.2198204799413812,0.0,0.029309397325517492,0.0,0.0,0.30774867191793365,4.788422788056421,0.0
0.0,0.0,7.195501861560672,0.0,5.083200364713927,3.970063065116632,0.167160550110174,0.0,0.39130765139427093,0.0,0.0,1.029557024542208,0.08737937846668185,0.0,0.0,0.0,0.0,0.0,0.0,0.2811336524580199,3.571157206899172,0.04938834435073323,0.250740825165261,0.0,40.866955398525945,0.0,0.0,32.72547678747815,0.0,0.0,0.4786870298609528,0.34191930704353773,0.0,0.0,0.0,0.0,0.10637489552465618,0.0,0.0,0.0,0.0,0.022794620469569184,3.3812020363194284,0.0
0.0,0.0,10.172570390554043,0.0,11.32303966091432,5.828035119588253,0.007568876778686043,0.07947320617620346,0.24598849530729638,0.018922191946715107,0.0,0.4654859218891917,0.09461095973357554,0.0,0.0,0.0,0.0,0.0,0.0,0.5979412655161974,3.1864971238268245,0.7682409930366334,1.7408416590977898,0.0,36.898274296094456,0.0,0.0,14.713896457765669,0.0,0.0,7.87920072661217,2.6983045716015743,0.015137753557372086,0.0,0.0,0.0,0.19679079624583712,0.0,0.07947320617620346,0.0,0.0,0.9915228580078715,1.9981834695731153,0.0
0.0,0.0,24.340116864799516,0.0,1.1887970985291156,6.222043119081201,0.0,0.0,0.9993955268990529,0.008059641345960104,0.0,1.7610316340922825,0.35059439854926455,0.0,0.0,0.0,0.0,0.0,0.0,2.619383437437034,6.1414467056215996,0.08059641345960104,0.2941769091275438,0.0,50.27201289542616,0.0,0.0,0.8382026999798509,0.0,0.0,0.7898448519040903,0.2941769091275438,0.0,0.0,0.0,0.0,1.5353616764053999,0.0,0.076566592786621,0.0,0.0,0.10880515817046142,2.0793874672577073,0.0
0.0,0.0,13.375318638476532,0.0,5.015744489428699,7.489878542510121,0.0,0.029989503673714196,0.4198530514319988,0.014994751836857098,0.0,0.6372769530664268,0.2624081571449992,0.0,0.0,0.0,0.0,0.0,0.0,0.51731893837157,11.043634727845255,0.7534862798020693,1.4769830559304242,0.0,40.167191482980954,0.0,0.0,11.126105862947968,0.0,0.0,3.834907782276203,1.364522417153996,0.011246063877642825,0.0,0.0,0.0,0.5698005698005697,0.0,0.03748687959214275,0.0,0.0,0.7872244714349977,1.0646273804168542,0.0
0.0,0.0,13.181025715531018,0.04358564579398518,0.09443556588696789,2.567920964695627,0.34868516635188146,0.04358564579398518,0.6356240011622839,0.0,0.0,2.6405637076856023,0.00726427429899753,0.0,0.0,0.00726427429899753,0.054482057242481466,0.0,0.0,0.14165334883045186,0.7954380357402295,0.07627488013947406,2.103007409559785,0.0,27.56065669039663,0.0,0.0,42.47421182623856,0.0,0.0,0.06901060584047652,0.10896411448496296,0.06901060584047652,0.0,0.0,0.0,0.23245677756792096,0.0,0.01452854859799506,0.0,0.14528548597995058,0.3014673834083975,6.283597268632864,0.0
0.0,0.0,2.865381149756713,0.0,1.7264371958911513,0.16939989187240945,0.0,0.0,0.039646783204180934,0.0,0.0,0.8469994593620472,0.14777437376103802,0.0,0.0,0.0,0.0,0.0,0.0,0.3568210488376284,4.152099477383312,0.0,0.8506037123806092,0.0,67.19408902504955,0.0,0.0,19.34402595062173,0.0,0.0,0.1153360965939809,0.14056586772391422,0.0,0.0,0.0,0.0,0.0,0.0,0.0,0.0,0.0,0.46494863939448544,1.5858713281672372,0.0
0.0,0.0,7.165304839723445,0.0,5.723370429252783,0.1515879764853773,0.0,0.0,0.0,0.0,0.0,0.27729507893666583,0.7653344178651976,0.0,0.0,0.0,0.0,0.0,0.0,0.421488519983732,3.7046622545938552,0.01109180315746663,0.01848633859577772,0.0,64.33615558102562,0.0,0.0,14.522867600842975,0.0,0.0,0.12940437017044404,0.03697267719155544,0.03697267719155544,0.0,0.0,0.0,0.0,0.0,0.0,0.0,0.0,1.9114874108034166,0.7875180241801308,0.0
0.0,0.0,4.9633755531817485,0.0,16.534411719822984,0.0610407446970853,0.0076300930871356625,0.019075232717839157,0.02289027926140699,0.0,0.0,0.18312223409125591,0.4616206317717077,0.0,0.0,0.0,0.0,0.0,0.0,0.26705325804974817,4.1088051274225545,0.053410651609949636,0.09537616358919578,0.0,48.7066992217305,0.0,0.0,21.864031741187244,0.0,0.0,0.20982755989623075,0.08393102395849229,0.038150465435678314,0.0,0.0,0.0,0.0,0.0,0.0,0.0,0.0,1.2398901266595452,1.0796581718296963,0.0
0.0,0.0,26.746768181457693,0.0,0.2775795067015624,0.0,0.0,0.0,0.0,0.0,0.0,0.6939487667539059,9.51701165833928,0.0,0.0,0.0,0.0,0.0,0.0,0.023792529145848205,3.1128558965818067,0.0,0.22602902688555793,0.0,43.54032833690221,0.0,0.0,1.1816956142437942,0.0,0.0,0.0,0.0,1.0825600761360932,0.0,0.0,0.0,0.8367039416289952,0.0,0.0,0.0,0.0,0.04361963676738837,12.717106828455865,0.0
0.0,0.0,4.78386167146974,0.0,0.868155619596542,0.039625360230547545,0.13688760806916428,0.021613832853025938,0.021613832853025938,0.0,0.0,0.34221902017291067,0.0,0.0,0.0,0.0,0.0,0.0,0.0,0.15129682997118157,1.505763688760807,0.0,0.014409221902017292,0.0,44.175072046109506,0.0,0.0,44.81628242074928,0.007204610951008646,0.0,0.032420749279538905,0.010806916426512969,0.025216138328530258,0.0,0.0,0.0,0.0,0.0,0.0,0.0,0.0,0.061239193083573486,2.9863112391930837,0.0
0.0,0.0,8.839738136627584,0.0,4.911787550393904,0.044383622443318414,0.0,0.0,0.0,0.0,0.0,1.283426415652624,0.2626030994563006,0.0,0.0,0.0,0.0,0.0,0.0,0.7693161223508524,4.900691644783075,0.0,0.0,0.0,24.736472241742796,0.0,0.0,53.363908717683174,0.0,0.0,0.044383622443318414,0.0,0.0036986352036098677,0.0,0.0,0.0,0.0,0.0,0.0,0.0,0.0,0.4290416836187447,0.41054850760069533,0.0
0.0,0.0,13.925205229553056,0.0,2.0865004560656737,0.011401641836424446,0.022803283672848892,0.0,0.0,0.0,0.0,2.6071754332623898,0.1178169656430526,0.0,0.0,0.0,0.015202189115232594,0.0,0.0,0.8893280632411068,8.66144724840377,0.0,0.0,0.0,49.96579507449073,0.0,0.0,17.581331711766495,0.0,0.0,0.0,0.0,0.022803283672848892,0.0,0.0,0.0,0.022803283672848892,0.0,0.0,0.0,0.0,0.0,4.070386135603528,0.0
0.0,0.0,15.280924331671953,0.0,1.3215526355535419,0.21522428636157678,0.0,0.04908624074913155,0.09439661682525298,0.0,0.0,1.3781906056486934,0.505965866183356,0.0,0.04153451140311131,0.0,0.007551729346020239,0.0,0.0,0.3133967678598399,5.452348587826612,0.04153451140311131,0.022655188038060717,0.0,60.86693852892312,0.0,0.0,11.489956199969793,0.0,0.0,0.09062075215224287,0.03398278205709108,0.1170518048633137,0.0,0.0,0.0,0.12082766953632382,0.0,0.007551729346020239,0.0,0.03398278205709108,0.47198308412626494,2.0427427880984745,0.0
0.0,0.0,8.750273104653704,0.0,4.012817711747141,0.9868181487145874,0.0,0.12016604762945163,0.41876046901172526,0.08739348918505571,0.0,0.14565581530842617,0.11652465224674097,0.0,0.0,0.0,0.0,0.0,0.0,0.05462093074065982,3.0259995630325545,0.3604981428883548,0.8848590779986891,0.0,49.868909766222416,0.0,0.0,23.505207195397272,0.0,0.0,3.22627630908164,0.6590925642706285,0.0,0.0,0.0,0.0,0.04369674459252786,0.0,0.09831767533318768,0.032772558444395895,0.0,0.07282790765421308,3.5285121258466243,0.0
0.0,0.0,1.4991955536053825,0.0,19.46394617522305,6.015065087026474,0.26692994003217785,2.8960070206230806,0.1645458534444932,0.0585051923358198,0.0,2.28901565013895,0.9287699283311394,0.0,0.0,0.0,0.0767880649407635,0.0,0.0,0.12066695919262836,1.7368728974696503,0.3254351323679977,1.2871142313880357,0.0,37.34459558285798,0.0,0.0,13.85110428550534,0.0,0.040222319730876116,5.188679245283018,3.30188679245283,0.007313149041977475,0.0,0.0,0.0,0.39491004826678366,0.0,0.7057188825508264,0.0,0.04387889425186486,0.39491004826678366,1.5979230656720786,0.0
0.0,0.0,4.165615653489964,0.0,1.4702172894670462,0.7315051709848294,0.0,2.309826672912688,0.30629526863896794,0.15494937119383084,0.0,0.054052106230406106,0.7134878022413607,0.0,0.0,0.0,0.0,0.0,0.0,0.043241684984324895,2.017945299268495,0.34593347987459916,1.430579078231415,0.0,57.79971892904761,0.0,0.0,11.123923462217578,0.0,0.0,2.5332420453316997,10.936542827285503,0.0,0.0,0.0,0.0,0.09369031746603726,0.0,0.06846600122518107,0.0,0.0,0.15494937119383084,3.5458181687146406,0.0
0.0,0.0,9.39208276772939,0.0,3.433980261951058,3.1881718457643906,0.0,0.4769417030487581,0.7264189015665701,0.02201269398686576,0.0,0.4365850974061708,0.5833363906519425,0.0,0.0,0.0,0.0,0.0,0.0,0.1100634699343288,2.425065120886378,0.2164581575375133,1.063946876031845,0.0,64.13031514840225,0.0,0.0,4.5749715669369335,0.0,0.0,1.063946876031845,1.4198187621528415,0.0,0.0,0.0,0.0,0.0513629526360201,0.0,0.02201269398686576,0.0,0.0,0.08071321128517445,6.581795502072863,0.0
0.0,0.0,24.803639474298155,0.0,2.02193016564274,7.504471576327863,0.24496461622210125,0.0,0.12442647173186096,0.0,0.0,3.6744692433315187,0.16719807138968815,0.0,0.0,0.0,0.00777665448324131,0.0,0.0,2.037483474609223,8.989812582626953,0.038883272416206545,0.3538377789874796,0.0,35.46154444358037,0.0,0.0,10.463488607201182,0.0,0.0,0.5910257407263395,0.5015942141690645,0.06998989034917179,0.0,0.0,0.0,0.3927210514036861,0.0,0.0,0.0,0.0,0.20219301656427402,2.3485496539388757,0.0
0.0,0.0,16.454434724836673,0.011072970878086591,5.244897205920348,8.45605876056546,0.08120178643930166,0.0,0.19931347580555864,0.01476396117078212,0.0,1.989443767762891,0.7308160779537151,0.0,0.01476396117078212,0.0,0.00738198058539106,0.0,0.0,1.886096039567416,16.16284649171373,0.14763961170782122,2.6759679622042594,0.0,22.740191193297164,0.0,0.0,18.244565016794002,0.0,0.0,1.0740781751743993,0.5241206215627653,0.06643782526851955,0.0,0.0,0.0,0.180858524342081,0.0,0.08120178643930166,0.0,0.044291883512346364,0.15502159229321227,2.812534603033994,0.0
0.0,0.0,4.312434427119135,0.01808907058355342,2.1308925147425923,0.0072356282334213665,0.010853442350132051,0.0036178141167106832,0.0,0.0,0.0,0.49564053398936364,1.3277377808328208,0.0,0.0,0.0,0.0,0.0,0.0,0.07959191056763504,1.7184617054375746,0.0072356282334213665,0.03256032705039615,0.0,39.83936905321804,0.0,0.0,48.807930248543826,0.0,0.0,0.03617814116710684,0.05426721175066025,0.021706884700264103,0.0,0.0,0.0,0.0,0.0,0.0,0.0072356282334213665,0.0,0.0651206541007923,1.0238413950291234,0.0
0.0,0.0,18.010762396619597,0.0,0.06861930730615046,1.9032828921232259,7.418108274043844,0.01444616995918957,0.04333850987756871,0.0,0.0,0.7078623280002889,0.007223084979594785,0.0,0.0,0.0,0.0,0.0,0.0,0.11918090216331395,0.13001552963270613,0.0036115424897973925,0.036115424897973925,0.0,50.32684459532666,0.0,0.0,14.449781501679368,0.0,0.0,0.036115424897973925,0.46227743869406623,0.010834627469392177,0.0,0.0,0.0,0.0,0.0,0.0,0.0,0.0,0.021669254938784355,6.229910794900502,0.0
0.0,0.0,6.780152118797537,0.0,3.672582397681999,3.234335385729808,0.05432814197754436,0.047084389713871785,0.21369069177834119,0.07243752263672583,0.0,0.6048533140166606,0.4382470119521913,0.0,0.0,0.0,0.0,0.0,0.0,0.38391886997464686,1.4523723288663528,0.48533140166606303,0.7895689967403116,0.0,45.03802969938428,0.0,0.0,29.051068453458896,0.0,0.0,3.234335385729808,2.3578413618254257,0.028975009054690328,0.0,0.0,0.0,0.0,0.0,0.003621876131836291,0.0,0.0,0.3187250996015936,1.73850054328142,0.0
0.0,0.0,4.028538483712885,0.0,1.217930239262035,1.7079850100893628,0.1405304122225425,0.039636782934563276,0.1621504756413952,0.014413375612568464,0.0,0.41798789276448545,0.5260882098587489,0.0,0.0,0.0,0.0,0.0,0.0,0.03243009512827904,0.6990487172095705,0.16935716344767945,0.281060824445085,0.0,47.04525799942347,0.0,0.0,40.48356875180167,0.0,0.0,0.13332372441625828,0.3711444220236379,0.018016719515710582,0.007206687806284232,0.0,0.010810031709426347,0.010810031709426347,0.003603343903142116,0.0,0.0,0.0,0.03603343903142116,2.4430671663303545,0.0
0.0,0.0,13.579511614055987,0.0,9.541393686718285,1.6835417907484613,0.11117728806829463,0.007941234862021043,0.039706174310105216,0.0,0.0,1.6398649990073455,0.17073654953345244,0.0,0.0,0.0,0.0,0.0,0.0,0.41294421282509425,5.47548143736351,0.02779432201707365,0.6273575540996625,0.0,36.65276950565813,0.0,0.0,26.110780226325193,0.0,0.0,0.15088346237839986,0.24617828072265238,0.039706174310105216,0.0,0.0,0.0,0.043676791741115745,0.0,0.0,0.0,0.0,0.043676791741115745,3.3948779035139967,0.0
0.0,0.0,15.263157894736842,0.0,1.6641957005189028,1.1823573017049667,0.01111934766493699,0.014825796886582655,0.12601927353595258,0.01111934766493699,0.0,1.653076352853966,0.25574499629355074,0.0,0.0,0.0,0.0,0.0,0.0,0.8191252779836915,8.573017049666419,0.037064492216456635,0.4670126019273536,0.0,35.82283172720533,0.0,0.0,31.26760563380282,0.0,0.0,0.2965159377316531,0.8673091178650854,0.05559673832468495,0.0,0.0,0.0,0.08524833209785025,0.0,0.0815418828762046,0.0,0.025945144551519646,0.7079318013343218,0.7116382505559674,0.0
0.0,0.0,5.928457338137513,0.03714572267003455,11.96835184428513,0.5646149845845251,0.0,0.0,0.0074291445340069085,0.0,0.0,0.44203409977341107,0.9174993499498532,0.0,0.0,0.0074291445340069085,0.011143716801010364,0.0,0.0,0.8840681995468221,17.425058504513206,0.06314772853905873,0.27487834775825565,0.0,47.08220348426879,0.0,0.0,8.420935329296832,0.0,0.0,0.0742914453400691,0.3528843653653282,0.08543516214107945,0.0,0.0,0.0,0.0,0.0,0.0,0.0,0.018572861335017274,5.274692619144905,0.15972660748114856,0.0
0.0,0.0,12.609992824502436,0.011329732995959062,0.9177083726726841,7.900600475848786,0.06797839797575438,0.10196759696363156,1.1518561879225047,0.03776577665319687,0.0,2.2319574002039353,0.8912723290154462,0.0,0.056648664979795316,0.0,0.04909550964915594,0.0,0.0,0.8119641980437328,6.627893802636052,0.181275727935345,1.9524906529702784,0.0,40.401827863590015,0.0,0.0,13.89402923071113,0.0,0.022659465991918124,0.8270705087050115,2.77578458400997,0.06420182031043468,0.0,0.0,0.0,0.8195173533743721,0.0,0.9630273046565203,0.0,0.24170097058046,0.6118055817817893,3.7765776653196874,0.0
0.0,0.0,14.64335611524374,0.0,1.03084997923196,0.02265604349960352,0.3171846089944493,0.0,0.0,0.0,0.0,1.2007703054789864,0.12838424649775326,0.0,0.0,0.0,0.06041611599894272,0.0,0.0,0.5022089642412113,4.840841294415285,0.0,0.0,0.0,56.17188385001699,0.0,0.0,19.472869387909224,0.00755201449986784,0.0,0.0,0.0188800362496696,0.07929615224861232,0.0,0.0,0.0,0.08684816674848016,0.0,0.0,0.0,0.0,0.14726428274742287,1.2687384359777971,0.0
0.0,0.0,12.073121735636802,0.016070711128967456,2.8967456809963843,7.866613097629569,0.03214142225793491,0.2611490558457212,0.9240658899156288,0.088388911209321,0.0,2.8485335476094815,0.7352350341502611,0.0,0.08437123342707915,0.0,0.03615910004017678,0.0,0.0,1.5226998794696667,8.288469264764965,2.0208919244676578,2.334270791482523,0.0,27.629570108477303,0.0,0.0,20.26114905584572,0.004017677782241864,0.04821213338690237,2.635596625150663,2.342306147047007,0.04821213338690237,0.0,0.0,0.0,1.4423463238248293,0.0,0.6026516673362796,0.0,0.08035355564483729,0.9963840899959824,1.8802732020891924,0.0
0.0,0.0,7.656388374527011,0.0,4.987521133564125,2.990902503824169,0.0,0.044279848643426455,0.08050881571532083,0.0,0.0,1.54576926173416,0.2133483616456002,0.0,0.0,0.0,0.0040254407857660416,0.0,0.0,2.044923919169149,9.962965944770952,0.0684324933580227,0.5192818613638194,0.0,55.47862490942757,0.0,0.0,3.961033733193785,0.0,0.0,0.5031800982207552,0.9500040254407858,0.06440705257225667,0.0,0.0,0.0,0.052330730214958536,0.0,0.03622896707189437,0.0,0.020127203928830207,5.534981080428307,3.280734240399324,0.0
0.0,0.0,15.671948115918234,0.00410475330432641,2.274033330596831,0.5213036696494541,0.1641901321730564,0.00410475330432641,0.0,0.0,0.0,2.1549954847713653,0.5787702159100238,0.0,0.09440932599950744,0.0,0.0410475330432641,0.0,0.0,1.5474919957310567,14.01773253427469,0.0,0.8332649207782612,0.0,51.54338724242673,0.0,0.0,7.5281175601346355,0.0,0.0,0.01641901321730564,0.01231425991297923,0.14777111895575076,0.0,0.0,0.0,0.4392086035629258,0.0,0.0,0.0,0.09030457269518101,1.765043920860356,0.5500369427797389,0.0
0.0,0.0,10.614617940199336,0.0,6.083887043189369,1.88953488372093,0.33222591362126247,0.0,0.0872093023255814,0.0,0.0,2.0764119601328903,0.813953488372093,0.0,0.04983388704318936,0.0,0.04152823920265781,0.0,0.0,2.8737541528239205,22.674418604651162,0.1079734219269103,0.6602990033222591,0.0,45.56893687707641,0.0,0.0,0.7059800664451827,0.0,0.0,0.6187707641196014,0.0872093023255814,0.03737541528239203,0.0,0.0,0.0,0.27823920265780727,0.0,0.24086378737541528,0.0,1.4825581395348837,2.217607973421927,0.45681063122923593,0.0
0.0,0.0,15.461145469212154,0.0,1.0140974916452197,2.731148926362694,0.03073022701955211,0.0,0.07298428917143626,0.0,0.0,1.8783851265701226,0.280413321553413,0.0,0.0,0.0,0.0,0.0,0.0,0.837398686282795,12.33818614835017,0.019206391887220068,0.7260016133369186,0.0,55.15691622171859,0.0,0.0,5.016709560941882,0.0,0.0,0.14980985672031652,0.23047670264664083,0.0038412783774440136,0.0,0.0,0.0,0.24584181615641687,0.0,0.0,0.0,0.0,0.046095340529328156,3.7606115315176893,0.0
0.0,0.0,12.97098547453493,0.0,5.56991517710874,3.473005933961921,0.0,0.06916888128435691,0.3312825366777094,0.010921402308056355,0.0,0.17838290436492044,0.08737121846445084,0.0,0.0,0.0,0.0,0.0,0.0,0.19658524154501436,1.5508391277440023,0.506024973606611,0.8373075102843205,0.0,36.59761913429684,0.0,0.0,28.068003931704826,0.0,0.003640467436018785,5.5735556445447605,2.657541228293713,0.0,0.0,0.0,0.0,0.09465215333648841,0.0,0.0,0.0,0.0,0.17474243692890168,1.04845462157341,0.0
0.0,0.0,27.354446710225144,0.09987931249739897,2.5053060884764244,0.04161638020724957,0.0,0.0,0.0,0.0,0.0,1.2817845103832868,4.061758708227559,0.0,0.1747887968704482,0.0,0.037454742186524614,0.0,0.0,3.841191893129136,11.819051978858878,0.0,0.42864871613467065,0.0,33.51783261891881,0.0,0.0,11.76078904656873,0.0,0.0,0.020808190103624787,0.0,0.2996379374921969,0.0,0.0,0.0,0.6700237213367182,0.016646552082899828,0.0,0.0,0.2829913854092971,0.9571767447667402,0.8281659661242665,0.0
0.0,0.0,14.14088511466088,0.044891698776701204,0.9427256743107255,1.215816841868991,0.1309341214320452,0.0,0.09726534734951929,0.0,0.0,3.5239983539710447,0.24690434327185665,0.0,0.0,0.0,0.044891698776701204,0.0,0.0,0.8791291010437321,7.848565336126595,0.03366877408252591,0.32172384123302533,0.0,51.38977217462871,0.0,0.0037409748980584343,17.477834723729003,0.0,0.0,0.21323556918933073,0.1870487449029217,0.0,0.0,0.0,0.0,0.12345217163592832,0.0,0.0,0.0,0.01870487449029217,0.25812726796603197,0.8566832516553814,0.0
0.0,0.0,5.694062131340936,0.011797090051120724,5.0727487219819105,12.304364923318916,0.015729453401494297,0.5937868659064097,0.9398348407392842,0.07078254030672433,0.0,0.8965788438851751,2.7762485253637434,0.0,0.0,0.0,0.0,0.0,0.0,1.0381439244986237,9.826976012583563,1.368462445930004,3.708218639402281,0.0,40.145497443963826,0.0,0.0,3.9284309870232006,0.0,0.051120723554856466,1.7420369642154936,6.362563900904444,0.051120723554856466,0.0,0.0,0.0,0.5819897758552891,0.0,0.656704679512387,0.0,0.0,0.5308690523004326,1.6319307904050333,0.0
0.0,0.0,11.188355420378015,0.12310811789412703,0.43812006662321673,2.3064667970164385,0.003620826996886089,0.0,0.3620826996886089,0.0,0.0,2.849590846549352,0.003620826996886089,0.0,0.0,0.010862480990658266,0.0651748859439496,0.0,0.0,0.2281121008038236,10.880585125642696,0.010862480990658266,0.2244912738069375,0.003620826996886089,53.573756245926575,0.0,0.0,12.799623433992323,0.0,0.0,0.0,1.0029690781374465,0.0325874429719748,0.0,0.0,0.0,0.23535375479759577,0.0,0.018104134984430444,0.0,1.1550438120066624,1.4555724527482077,1.0283148671156492,0.0
0.0,0.0,18.795152645071077,0.015536394002951915,3.4218907791501594,0.07768197001475957,0.0,0.0,0.0077681970014759575,0.0,0.0,3.3442088091353996,0.023304591004427874,0.0,0.0,0.0,0.015536394002951915,0.0,0.0,2.9985240425697195,13.547735570574067,0.0,0.13205934902509125,0.0,40.56940884020819,0.0,0.0,13.458401305057096,0.0,0.0,0.015536394002951915,0.0,0.023304591004427874,0.0,0.0,0.0,0.22916181154354073,0.0,0.0,0.0,0.03495688650664181,0.6952536316320982,2.5945777984929697,0.0
0.0,0.0,20.26704816404387,0.0,6.063607351160999,0.5539048457503393,0.11004732034774953,0.014672976046366604,0.08436961226660798,0.007336488023183302,0.0,1.353582040277319,2.890576281134221,0.0,0.0,0.0,0.06602839220864973,0.0,0.0,0.22376288470709071,3.53251898316276,0.055023660173874764,0.3814973772055317,0.0,56.692711199148974,0.0,0.0,5.810498514361175,0.0,0.0,0.20175342063754081,0.43652103737940645,0.06969663622024137,0.0,0.0,0.0,0.007336488023183302,0.0,0.014672976046366604,0.0,0.0,0.07336488023183302,1.0894684714427203,0.0
0.0,0.0,9.495414575234932,0.007548024304638261,0.7283843453975922,0.3132430086424878,0.5962939200664226,0.0,0.007548024304638261,0.0,0.0,2.6455825187757105,0.17360455900668,0.0,0.022644072913914782,0.0,0.018870060761595652,0.0,0.0,0.8831188436426765,3.415480997848813,0.007548024304638261,0.5434577499339548,0.0,58.15375325508548,0.0,0.0,13.967618975733101,0.0,0.0,0.0,0.007548024304638261,0.0,0.0,0.0,0.0,0.08302826735102087,0.0,0.0,0.0,0.08302826735102088,0.4340113975167,8.412273087519342,0.0
0.0,0.0,5.288201578890451,0.0,1.7338956778775099,2.90905158429761,0.010814318157240186,0.003604772719080062,0.1802386359540031,0.003604772719080062,0.0,0.349662953750766,0.42896795357052736,0.0,0.0,0.0,0.0,0.0,0.0,0.5623445441764897,6.009156122706464,0.49745863523304856,0.811073861793014,0.0,30.936159475145093,0.0,0.0,46.173533758696514,0.0,0.0,1.7086622688439497,1.0309649976568978,0.0,0.0,0.0,0.0,0.291986590245485,0.0,0.03244295447172056,0.0,0.0,0.043257272628960744,0.9949172704660971,0.0
0.0,0.0,11.981188414452076,0.014929829799940281,2.3925052254404298,8.03971334726784,2.7918781725888326,0.0,0.5897282770976411,0.0,0.0,1.8289041504926842,0.31725888324873097,0.0,0.048521946849805916,0.0,0.10450880859958196,0.0,0.0,0.7726186921469095,8.554792475365781,0.29486413854882054,1.6833383099432668,0.0,38.537623171095845,0.0,0.0,8.263660794266944,0.0,0.044789489399820845,0.21275007464914902,1.0040310540459838,0.0,0.0,0.0,0.0,0.4926843833980292,0.0,0.8957897879964168,0.0,0.06718423409973126,1.06748283069573,9.999253508510003,0.0
0.0,0.0,11.038719285182427,0.0,9.214445271779597,2.2524199553239015,0.011169024571854057,0.022338049143708114,0.06329113924050633,0.011169024571854057,0.0,0.40208488458674607,0.7036485480268057,0.0,0.0,0.0,0.0,0.0,0.0,0.6701414743112435,9.43782576321668,0.37602382725241995,0.5398361876396128,0.0,48.22784810126583,0.0,0.0,11.403574087862992,0.0,0.0,1.7684288905435595,0.7110945644080418,0.0,0.0,0.0,0.0,0.03350707371556217,0.0,0.0,0.0,0.011169024571854057,1.139240506329114,1.9583023082650781,0.0037230081906180195
0.0,0.0,11.942480148540275,0.00790107849721487,1.181211235333623,2.804882866511279,0.18567534468454946,0.09876348121518588,0.19357642318176432,0.0,0.0,2.9629044364555766,0.16197210919290483,0.0,0.03160431398885948,0.0,0.0,0.0,0.0,0.47801524908149967,13.178998933354402,0.14221941294986765,0.5570260340536484,0.0,47.35906451230593,0.0,0.0,10.962746414885633,0.0,0.0,0.2844388258997353,0.05925808872911152,0.05925808872911152,0.0,0.0,0.0,0.45431201358985507,0.0,0.1461699521984751,0.0,0.2804882866511279,0.7664046142298424,5.700628135740528,0.0
0.0,0.0,3.806692528006381,0.0,0.30453540224051046,2.9583439074792444,0.05800674328390675,4.564405612152413,0.2392778160461154,0.06888300764963927,0.0,1.0477468005655657,0.06525758619439509,0.0,0.0,0.0,0.010876264365732517,0.0,0.0,0.21752528731465035,0.9462349998187289,1.4429177391871806,0.5909436972048001,0.0,27.41543704455643,0.0,0.0,23.072182141173915,0.0,0.0,9.465975419642534,18.779683138164813,0.05075590037341841,0.014501685820976688,0.0,0.0,0.2755320305985571,0.0,0.06163216473915092,0.0,0.010876264365732517,0.07250842910488345,4.459268389950332,0.0
0.0,0.0,8.752511277055456,0.0,2.6117281376748416,1.497289716083545,1.6034267086160496,0.0,0.04548728251393048,0.030324855009286986,0.0,2.4714756832568896,1.6223797429968538,0.0,0.0,0.0,0.0568591031424131,0.0,0.0,1.5731018536067625,6.497100185739738,0.09097456502786096,2.960463970281642,0.0,49.74413403585915,0.0,0.0,14.131382434327735,0.0,0.02274364125696524,0.13267124066563057,1.0499981046965619,0.04548728251393047,0.0,0.0,0.0,0.4586634320154657,0.0,0.026534248133126114,0.0,0.0,1.3077593722755012,3.2675031272506727,0.0
0.0,0.0,11.0468434871951,0.0,1.2595608660907949,2.7169983637124697,0.011415959511396932,0.019026599185661554,0.1446021538110278,0.0,0.0,1.4878800563187335,0.6430990524753605,0.0,0.0,0.0,0.011415959511396932,0.0,0.0,0.9208874005860191,8.284181285437041,0.12177023478823394,0.38053198371323105,0.0,53.66642566307698,0.0,0.0,16.050839073024086,0.0,0.0,0.5707979755698467,0.6773469310095513,0.0,0.0,0.0,0.0,0.342478785341908,0.0,0.007610639674264621,0.0,0.0,0.29681494729632024,1.3394725826705736,0.0
0.0,0.0,7.556198531048297,0.0,0.6602863713925365,1.4689517026485643,0.37094739965872836,0.029675791972698276,0.12983158988055496,0.007418947993174567,0.0,0.6380295274130129,0.7678611172935678,0.0,0.0,0.0,0.022256843979523704,0.0,0.0,0.5415832035017434,2.7598486534609394,0.10015579790785667,0.08160842792492025,0.007418947993174567,41.675940351658134,0.0,0.0,41.928184583426074,0.0,0.0,0.2559537057645226,0.2522442317679353,0.02596631797611099,0.0,0.0,0.0,0.022256843979523704,0.0,0.0,0.0,0.11128421989761851,0.19289264782253876,0.3932042436382521,0.0
0.0,0.0,6.892887243944447,0.0,5.240206676682913,2.3159514822822382,0.0,0.773205320825241,0.15757264831983583,0.0036644801934845547,0.0,0.40309282128330093,0.0,0.0,0.0,0.0,0.029315841547876437,0.0,0.0,0.4140862618637547,5.434424126937594,1.3045549488805013,1.3265418300414085,0.0,38.916779654805964,0.0,0.0,24.137931034482758,0.007328960386969109,0.007328960386969109,6.676682912528857,4.448678954890249,0.007328960386969109,0.0,0.0,0.0,0.06596064348272197,0.0,0.025651361354391878,0.0,0.0,0.4507310637986001,0.9600938106929533,0.0
0.0,0.0,8.17182184953722,0.04350921604303457,4.252037022387469,0.023732299659837038,0.003955383276639506,0.05933074914959259,0.09097381536270864,0.027687682936476547,0.0,0.8029428051578198,0.46277984336682226,0.0,0.0,0.0,0.011866149829918519,0.0,0.0,0.4509136935369038,4.655486116604699,0.023732299659837038,1.1707934498852939,0.0,43.4024206945653,0.0,0.0,34.0716715449727,0.0,0.0,0.328296811961079,0.015821533106558025,0.04350921604303457,0.0,0.0,0.0,0.05933074914959259,0.0,0.0,0.0,0.011866149829918519,0.9176489201803655,0.8978720037971679,0.0
0.0,0.0,4.147166822665419,0.0,4.676362589099288,2.397580819353445,0.19439844481244148,0.04319965440276478,0.23399812801497588,0.04319965440276478,0.0,0.795593635250918,0.1979984160126719,0.0,0.0,0.0,0.0071999424004607964,0.0,0.0,0.1583987328101375,1.2995896032831737,0.6119951040391677,0.46439628482972134,0.0,47.20282237742098,0.0,0.0,33.32853337173303,0.014399884800921593,0.0,0.1979984160126719,1.2275901792785657,0.03959968320253438,0.0,0.0,0.0,0.07199942400460796,0.0,0.0,0.0,0.0,0.06839945280437756,2.5775793793649653,0.0
0.0,0.0,8.101404340689404,0.014590552617180376,5.62830567207733,1.6086084260441362,0.6237461243844611,0.0,0.14955316432609886,0.010942914462885282,0.0,0.4158307495896407,0.6018602954586906,0.0,0.0,0.0,0.0,0.0,0.0,0.20426773664052525,2.8779865037388292,0.3173445194236732,1.1161772752142987,0.0,38.40598212657304,0.0,0.0,24.822177639978115,0.0,0.0,1.6195513405070219,10.538026627758526,0.014590552617180376,0.0,0.0,0.0,0.16049607878898414,0.0,0.03282874338865585,0.0,0.040124019697246036,0.20426773664052525,2.491336859383549,0.0
0.0,0.0,9.167947656773482,0.0,3.1492649087540894,3.306925229592842,5.407749004769224,0.023649048125812935,0.14977730479681525,0.0,0.0,2.357021796539356,0.7252374758582634,0.0,0.0,0.0,0.20101690906940994,0.0,0.0,0.9617279571163928,11.438256276851524,0.244373497300067,2.1678294115328525,0.0,40.613298648062745,0.0,0.0,6.921288084821252,0.0,0.0,0.2561980213629735,0.35473572188719404,0.015766032083875288,0.0,0.003941508020968822,0.0,2.680225454258799,0.0,0.023649048125812935,0.0,0.007883016041937644,0.2404319892790982,9.581805998975208,0.0
0.0,0.0,2.6896626219709794,0.0,0.0,1.8183127497929643,2.1783746804450366,0.0,0.0,0.0,0.0,2.984913405105678,0.0,0.0,0.0,0.0,0.0,0.0,0.0,0.03240557375868649,0.504086702912901,0.0,1.0693839340366542,0.0,30.626867821265257,0.0,0.0,34.52273791092068,0.0,0.0,0.0,0.0,0.0,0.0,0.0,0.0,0.0,0.0,0.007201238613041443,0.0,0.0,0.14762539156734958,23.41842796961077,0.0
0.1331610073238554,0.011749500646222535,5.118865781537618,0.23499001292445074,0.1644930090471155,35.973054478517994,0.8929620491129128,0.27807151529393337,0.9595425527748404,0.003916500215407512,0.0,1.4060235773312968,0.02741550150785258,0.0,0.2545725140014882,0.0,0.031332001723260096,0.0,0.0,0.12141150667763288,2.6593036462617006,1.5626835859475972,1.9543336074883482,0.02741550150785258,16.633376414835706,0.0,0.011749500646222535,0.24673951357067325,0.02349900129244507,1.3981905769004817,0.6462225355422394,0.0,0.015666000861630048,0.02349900129244507,0.0,0.0,16.911447930129636,0.003916500215407512,1.5783495868092272,0.0,1.5509340853013749,1.6723455919790076,7.468765910782124,0.0
0.0,0.0,5.839310294863435,0.0,1.8184452655219878,2.5393030500615805,0.0,0.0,0.09056002318336594,0.0,0.0,0.6556545678475694,0.10142722596536984,0.0,0.0,0.0,0.0,0.0,0.0,0.3115264797507788,3.097152792871115,0.05433601391001957,0.23545606027675142,0.0,29.254509889154534,0.0,0.0,52.6878214880823,0.0,0.0,0.3260160834601174,0.659276968774904,0.014489603709338552,0.0,0.0,0.0,0.0,0.0,0.007244801854669276,0.0,0.007244801854669276,0.369484894588133,1.9307396942693615,0.0
0.0,0.0,12.725681146733777,0.0,3.2242769084874348,2.8485975854396908,0.3465003465003465,0.1714264872159609,0.7185322974796658,0.0072947441368494004,0.0,1.2948170842907685,0.6784112047269941,0.0,0.0,0.0,0.0182368603421235,0.0,0.0,0.2115475799686326,6.492322281795966,0.583579530947952,2.6005762847868112,0.0,44.731371047160515,0.0,0.0,16.475179633074372,0.0,0.0,3.184155815734763,1.2474012474012475,0.0109421162052741,0.0,0.0,0.0,0.2370791844476055,0.0,0.0875369296421928,0.0,0.0,0.1677791151475362,1.9367545683335157,0.0
0.0,0.0,13.229297365119198,0.5959849435382686,1.4546737766624844,13.856649937264741,0.0,0.21957340025094102,1.1723651191969888,0.22741530740276036,0.0,0.5567754077791719,6.167659974905897,0.0,0.6469573400250941,0.0,0.23133626097867002,0.0,0.0,0.1450752823086575,10.31210790464241,0.7018506900878294,16.268036386449182,0.0,12.468632371392722,0.0,0.0,8.571204516938518,0.0,0.11370765370138018,0.5606963613550816,0.043130489335006274,0.10586574654956084,0.0,0.0,0.003920953575909661,0.266624843161857,0.0,3.285759096612296,0.0,2.823086574654956,4.305207026348808,1.666405269761606,0.0
0.0,0.0,9.993408524974367,0.02197158341877838,12.688589424344515,1.856598798886773,0.0,0.04028123626776036,0.17943459792002342,0.02197158341877838,0.0,0.23802548703676576,1.607587520140618,0.0,0.04760509740735316,0.03661930569796397,0.0,0.0,0.0,0.5236560714808847,5.397685659879889,0.13915336165226308,0.9447780870074705,0.0,56.543869928226165,0.0,0.0,2.9515160392558957,0.0,0.014647722279185588,0.9008349201699135,3.4312289438992236,0.025633513988574778,0.0,0.0,0.0,0.05859088911674235,0.0,0.17211073678043065,0.0,0.16112494507104147,0.3442214735608613,1.6588545481177677,0.0
0.0,0.0,20.232750730070173,0.1787037440613695,1.6301268360720045,2.4931351610513013,0.29202806956370136,1.9047203940199626,0.9022359761147191,0.5971320228392102,0.0,0.8237806738438739,6.925859739354051,0.0,0.1699864882534978,0.013075883711807524,0.008717255807871683,0.0,0.021793139519679205,0.0740966743669093,4.938325415159308,15.006755873251102,8.002440831626204,0.0,15.420825524125007,0.0,0.0,6.943294250969795,0.0,0.0,2.7590114631913876,0.8848014644989757,0.3356143486030598,0.0,0.0,0.0,1.8262650917491174,0.0,1.342457394412239,0.0,0.5186767205683651,2.9856601141960515,2.7677287189992588,0.0
0.0,0.0,6.53887358432813,0.030609121518212427,1.2396694214876034,2.525252525252525,0.02295684113865932,0.038261401897765536,0.31374349556167735,0.007652280379553107,0.0,1.3391490664217938,0.8876645240281604,0.0,0.0650443832262014,0.17600244872972146,0.007652280379553107,0.0,0.0,0.36730945821854916,7.143403734312825,0.09182736455463728,0.9297520661157025,0.0,49.30746862565044,0.0,0.0,20.80272421181512,0.0,0.019130700948882768,1.147842056932966,3.6998775635139274,0.04208754208754209,0.0,0.0,0.01147842056932966,0.16835016835016833,0.0,0.31374349556167735,0.0,0.1147842056932966,0.9794918885827977,1.6681971227425774,0.0
0.0,0.0,6.765207504263786,0.0,4.018891852888442,6.459089517645515,0.013119342283640182,1.4781125639567936,1.8979315170332793,0.15305899330913544,0.0,1.3600384834040322,2.8425241614553722,0.0,0.021865570472733634,0.0,0.03935802685092054,0.0,0.0,0.7609218524511304,6.117986618270871,2.20404950365155,1.2900686578912843,0.0,30.839200594743517,0.0,0.0,22.574014956050203,0.004373114094546726,0.0,4.806052389906853,1.552455503564088,0.2623868456728036,0.0,0.0,0.008746228189093453,1.569947959942275,0.0,0.5291468054401539,0.0,0.5204005772510605,1.1238903222985088,0.7871605370184107,0.0
0.0,0.0,2.3685088402090515,0.040772452648356126,7.05363430816561,3.2803291448904703,0.0,0.011119759813188036,0.16679639719782052,0.0,0.0,0.4077245264835613,0.4373772193187294,0.0,0.0,0.0,0.0037065866043960115,0.0,0.0,1.1861077134067237,15.904963119463286,0.38548500685718523,0.3780718336483932,0.0037065866043960115,22.743615404573926,0.0,0.0,34.371177582564215,0.011119759813188036,0.037065866043960116,3.195077652989362,0.4559101523407095,0.033359279439564106,0.0,0.0,0.0,0.09266466510990029,0.0,0.303940101560473,0.0,2.335149560769487,4.596167389451055,0.19644909003298863,0.0
0.0,0.0,6.3333945965815115,0.007351589781290204,1.5695644183054585,2.0731483183238373,1.6357287263370706,0.01837897445322551,0.07351589781290203,0.0,0.0,1.8636280095570668,0.3822826686270906,0.0,0.06984010292225694,0.0,0.08086748759419225,0.0,0.0,0.48152913067450837,8.586656864546958,0.13600441095386878,0.323469950376769,0.0,42.756846167983824,0.0,0.0,28.7777981988605,0.0,0.05146112846903143,0.4557985664399926,0.27200882190773756,0.007351589781290204,0.0,0.0,0.0,0.1470317956258041,0.007351589781290204,0.0,0.0,0.01837897445322551,0.3050909759235435,3.565521043925749,0.0
0.0,0.0,1.3204288695401885,0.0,1.8421241994675108,0.010793696481254948,0.0,0.01439159530833993,0.0,0.0,0.0,0.6836007771461466,0.0,0.0,0.0,0.0,0.0,0.0,0.0,0.007195797654169965,0.13312225660214436,0.0,0.0,0.0,35.08670936173275,0.0,0.0,59.28617687270634,0.0,0.0,0.05037058357918975,0.1223285601208894,0.007195797654169965,0.0,0.0,0.0,0.0,0.0,0.0,0.007195797654169965,0.0,0.05037058357918975,1.3779952507735485,0.0
0.0,0.0,8.677059440967227,0.0,3.082844147261206,4.633985149477122,0.19049100027213,0.03498814290712592,0.20215371457450532,0.011662714302375306,0.0,0.6881001438401431,0.0,0.0,0.0,0.0,0.01555028573650041,0.0,0.0,1.9126851455895502,7.425261439178945,0.1866034288380049,0.6336741437623916,0.0,48.81623449830891,0.0,0.0,18.909147455584495,0.0,0.0038875714341251024,2.056525288652179,0.48594642926563775,0.01943785717062551,0.0,0.0,0.0,0.11662714302375304,0.0,0.0,0.0,0.03887571434125102,1.0496442872137774,0.8086148582980213,0.0
0.0,0.0,6.083566279240841,0.25378843607473883,4.98381638958364,0.36780932764454904,0.022068559658672944,0.0,0.014712373105781962,0.0,0.0,1.5264087097248786,0.0,0.0,0.5443578049139326,0.2427541562454024,0.025746652935118432,0.0,0.0,0.9783728115345005,12.52758569957334,0.0,1.2100926879505665,0.0,30.7488597910843,0.0,0.16183610416360159,38.25584816830955,0.0,0.0,0.4119464469618949,0.06620567897601883,0.014712373105781962,0.0,0.0,0.0,0.029424746211563924,0.0,0.0,0.0,0.9379137854936002,0.14712373105781962,0.4450492864499044,0.0
0.0,0.0,1.3526780844332933,0.0,2.9853459874186394,8.108796043780227,6.1997745536525946,0.18181157048834587,0.2290825788153158,0.010908694229300754,0.0,1.0763244972910075,0.0399985455074361,0.0036362314097669176,0.0,0.0,0.12363186793207522,0.0,0.0,0.1890840333078797,1.3999490927602634,0.40362168648412783,1.276317224828188,0.007272462819533835,50.54725282716992,0.01454492563906767,0.0,13.94494745645613,0.0,0.0,0.38907676084506015,3.6362314097669177,0.050907239736736845,0.043634776917203015,0.0,0.0,0.9636013235882331,0.0,0.9926911748663685,0.010908694229300754,0.10181447947347369,0.43998400058179704,5.276171775571798,0.0
0.0,0.0,4.002529479596771,0.0,18.271770263735444,0.7365249414127887,0.011159468809284678,0.018599114682141128,0.16367220920284195,0.0,0.0,0.4835769817356694,0.8964773276792024,0.0,0.0,0.0,0.007439645872856452,0.0,0.0,0.7067663579213629,4.869248223784547,0.3608228248335379,0.4686976899899564,0.0,43.83439348287021,0.0,0.0,21.694007365249416,0.0,0.0,0.7811628166499275,0.7328051184763605,0.1711118550756984,0.0,0.0,0.0,0.0,0.0,0.0,0.0,0.0,0.7514042331585017,1.037830599263475,0.0
0.0,0.0,6.540076684316231,0.010954902318787658,3.505568742012051,0.2921307285010042,0.9932444769034144,0.01460653642505021,0.01460653642505021,0.0,0.0,3.0600693810480193,0.01460653642505021,0.0,0.01460653642505021,0.0,0.007303268212525105,0.0,0.0,0.16797516888807743,2.687602702209239,0.0,0.20449150995070295,0.0,53.386890633558515,0.0,0.0036516341062625525,26.40861785649078,0.0,0.02556143874383787,0.01460653642505021,0.12780719371918936,0.0036516341062625525,0.0,0.0,0.0,0.018258170531312765,0.0,0.02556143874383787,0.0,0.05842614570020084,0.5440934818331202,1.8550301259813766,0.0
0.0,0.0,1.1723631018008087,0.014700477765527378,0.1727306137449467,4.347666299154723,0.014700477765527378,0.8783535464902608,0.7019478133039323,0.0,0.018375597206909226,0.7313487688349871,0.011025358324145536,0.0,0.014700477765527378,0.0,0.025725836089672913,0.0,0.0,0.5145167217934583,2.811466372657111,14.928335170893053,1.826534362366777,0.0,37.262036016170526,0.0,0.0,1.583976479235575,0.007350238882763689,0.018375597206909226,23.491363469312752,2.186696067622198,0.02205071664829107,0.007350238882763689,0.0,0.018375597206909226,1.3671444321940462,0.0,0.5880191106210952,0.018375597206909226,0.09555310547592798,0.6909224549797869,4.457919882396178,0.0
0.0,0.0,8.797055500892824,0.0,6.267993148937721,0.17856492110345834,0.05101854888670238,0.02550927444335119,0.0,0.0,0.0,0.6960387740971539,0.5429831274370468,0.0,0.0,0.0,0.0,0.0,0.0,1.6726795670711707,14.69698626143362,0.0,0.10932546190007653,0.0,40.66542764476513,0.0,0.0,24.390510549907074,0.0,0.0,0.010932546190007653,0.0,0.06559527714004591,0.0,0.0,0.0,0.0,0.0,0.0,0.0,0.12025800809008418,0.06559527714004591,1.643526110564484,0.0
0.0,0.0,6.22824277281671,0.0,8.033146662630543,12.66459815347359,0.0,0.0832450431360678,0.37081882851521114,0.007567731194187983,0.0,1.5476010292114424,0.874072952928712,0.0,0.0,0.0,0.0,0.0,0.0,0.9535341304676858,10.178598456182836,0.5675798395640987,3.091418192825791,0.0,32.72286968366884,0.0,0.0,13.232177993037686,0.0,0.007567731194187983,2.164371121537763,2.4254578477372486,0.02648705917965794,0.0,0.0,0.0,0.1778416830634176,0.0,0.3102769789617073,0.0,0.011351596791281972,1.6384138035416982,2.68276070833964,0.0
0.0,0.0,4.273009905285228,0.0,2.5486226592437276,0.4265779770081701,1.1459764297592365,0.16990817728291518,0.04338081122116983,0.0,0.0,0.6687875063263684,0.0,0.0,0.014460270407056611,0.0,0.04699587882293399,0.0,0.02530547321234907,0.05061094642469814,0.8929216976357459,0.16267804207938688,0.24582459691996242,0.0,51.01583399609573,0.0,0.0,32.95134119008026,0.0,0.003615067601764153,0.1446027040705661,1.1242860241486514,0.05061094642469814,0.0,0.0,0.0,0.11206709565468875,0.0,0.06507121683175475,0.0,0.057841081628226446,0.260284867327019,3.4993854385076997,0.0
0.0,0.0,4.587616783310451,0.0066972507785554025,5.153534474098382,9.945417406154775,0.0,0.0,0.0,0.0,0.0,1.1485785085222517,0.14399089173894117,0.0,0.010045876167833106,0.0,0.0,0.0,0.0,0.6965140809697619,5.682617285604259,0.0,0.06027525700699862,0.0,36.1316679503064,0.0,0.0,33.86799718715467,0.0,0.0,0.0066972507785554025,0.0,0.036834879282054714,0.0,0.0,0.0,0.0,0.0,0.0,0.0,0.02009175233566621,0.44871580216321194,2.052707363627231,0.0
0.0,0.0,7.577116562024725,0.0,1.7899621729126858,0.0077993994462426395,0.0,0.0,0.0,0.0,0.0,2.6439964122762545,0.13258979058612488,0.0,0.07799399446242639,0.02729789806184924,0.0,0.0,0.0,0.5147603634520141,9.000506960964005,0.0,0.10529189252427562,0.0,61.17848925632726,0.0,0.0,11.628904574347775,0.0,0.0,0.0,0.0,0.02729789806184924,0.0,0.0,0.0,0.06239519556994111,0.0,0.0,0.0,0.26517958117224977,0.5030612642826502,4.457356783527668,0.0
0.0,0.0,9.844654502821133,0.007327617791455998,1.4801787938741116,0.5092694365061918,1.3812559536894555,0.0,0.0,0.0,0.0,0.8426760460174397,1.4691873671869276,0.0,0.0,0.0,0.03297428006155199,0.0,0.0,0.3077599472411519,2.905400454312303,0.0,0.03297428006155199,0.0,43.064409760386894,0.0,0.0,36.43657946801495,0.0,0.0,0.16487140030775996,0.03297428006155199,0.06961236901883198,0.0,0.0,0.0,0.02931047116582399,0.0,0.0,0.0,0.14288854693339195,1.0808236242397598,0.16487140030775996,0.0
0.0,0.0,16.288528994701096,0.0,3.6383312187476675,0.06716919173072616,0.0,0.0,0.0,0.0,0.0,0.8993208448391672,0.26121352339726844,0.0,0.0,0.0,0.0,0.0,0.0,1.5113068139413388,26.334054780207477,0.007463243525636242,0.022389730576908726,0.0,36.610941115008586,0.0,0.0,11.131427718486455,0.0,0.0,0.018658108814090604,0.014926487051272483,0.007463243525636242,0.0,0.0,0.0,0.09329054407045301,0.0,0.0,0.0,0.05224270467945369,1.2874095081722516,1.753862228524517,0.0
0.0,0.0,7.944436342423801,0.0,0.7765786787224733,0.03281318360799183,0.007291818579553741,0.02187545573866122,0.0,0.0,0.0,0.39740411258567887,0.0,0.0,0.007291818579553741,0.0,0.0,0.0,0.0,0.2187545573866122,1.458363715910748,0.0,0.007291818579553741,0.0,48.359340819600405,0.0,0.0,39.33206941811288,0.0,0.0,0.04739682076709932,0.01093772786933061,0.0,0.0,0.0,0.0,0.014583637159107482,0.0,0.0,0.0,0.0,0.051042730056876186,1.3125273443196732,0.0
0.0,0.0,12.619495527316005,0.00767842745805659,1.5663992014435444,1.0864974853150073,0.14589012170307522,0.011517641187084884,0.1420509079740469,0.0,0.0,2.464775214036165,0.5259722808768764,0.0,0.02303528237416977,0.0,0.05758820593542443,0.0,0.0,0.39543901408991444,3.144316044074174,0.04223135101931125,0.1650861903482167,0.0,32.14573655315392,0.0,0.0,40.592006757016165,0.0,0.0,0.168925404077245,0.11517641187084886,0.02303528237416977,0.0,0.0,0.0,0.41079586900602755,0.0,0.09214112949667908,0.0,0.07294506085153761,1.1172111951472339,2.8640534418551082,0.0
0.0,0.0,8.846167876554919,0.06566227702185094,3.133549775653887,1.1344982307664246,0.0,0.0,0.08754970269580126,0.0,0.0,0.2115784481815197,0.8499616970050706,0.0,0.3064239594353044,0.0,0.0,0.0,0.0,0.41950899208404774,3.9981030897749243,0.09849341553277641,0.1532119797176522,0.0,42.0238572939846,0.0,0.0,35.548827198774305,0.0,0.0,0.2553532995294203,0.39032575785211393,0.0,0.0,0.0,0.0,0.007295808557983439,0.0,0.11673293692773502,0.0,0.6566227702185095,0.897384452631963,0.7988910370991866,0.0
0.0,0.0,3.802979060228826,0.0,2.446571202417788,0.0,0.4281499604231129,0.0,0.0,0.0,0.0,0.5540764193710872,0.19788443548967405,0.0,0.0,0.0,0.0,0.0,0.0,0.205080233143844,2.0939771173634596,0.0,0.08994747067712457,0.0,42.674677988054974,0.0,0.0,45.815643664100165,0.0,0.0,0.007195797654169965,0.01439159530833993,0.05037058357918975,0.0,0.0,0.0,0.09714326833129452,0.0,0.0,0.0,0.03238108944376484,0.010793696481254946,1.4787364179319278,0.0
0.0,0.0,3.3382203676553512,0.1127777151234916,2.0262396150520656,3.3570166535092665,0.0,0.10149994361114245,0.10901845795270855,0.007518514341566107,0.0,0.38344423141987144,0.27066651629637983,0.0,0.02255554302469832,0.0,0.08270365775722717,0.030074057366264426,0.0,0.10149994361114245,11.593549114694936,0.15788880117288825,0.8007217773767904,0.0,28.44253975414458,0.0,0.07518514341566106,40.87440321792414,0.0037592571707830533,0.015037028683132213,0.7894440058644413,1.1766474944550958,0.041351828878613585,0.0,0.0,0.0,0.42479606029848505,0.0,2.2668320739821812,0.0,1.8946656140746587,0.7932032630352243,0.7067403481072141,0.0
0.0,0.0,16.38715860086248,0.09214551619918175,1.0209723194869338,3.2324647082672957,0.464413401643876,0.09583133684714902,0.1105746194390181,0.1474328259186908,0.0,1.1684051454056246,1.1426044008698537,0.0,0.28012236924551254,0.11426044008698538,0.01474328259186908,0.0,0.0,0.7113633850576832,9.04500387011168,0.6487044340422395,1.4042976668755298,0.0,34.4366223139582,0.0,0.022114923887803617,21.07183664442888,0.0,0.00368582064796727,4.120747484427407,0.5344439939552541,0.05528730971950905,0.0,0.0,0.0,0.3538387822048579,0.0,0.4017544506284325,0.0,0.6081604069145995,1.0136006781909992,1.297408868084479,0.0
0.0,0.0,6.564535227945529,0.011101243339253997,0.2960331557134399,4.4441977501480165,1.9908229721728832,0.09991119005328597,0.3626406157489639,0.0,0.0,1.3580521018354057,0.47735346358792186,0.0,0.10731201894612197,0.0,0.029603315571343988,0.0,0.0,0.24422735346358795,4.581113084665483,0.4107460035523979,0.6512729425695678,0.0037004144464179984,35.557282415630546,0.0,0.0,34.347246891651864,0.0,0.029603315571343988,0.3737418590882179,1.2729425695677916,0.0,0.0,0.0,0.0,0.7215808170515098,0.0,0.7474837181764357,0.0,0.20352279455298994,0.12951450562462996,4.984458259325045,0.0
