Actinobacteria,Bacteroidetes,Chloroflexi,Cyanobacteria,Elusimicrobia,Euryarchaeota,Firmicutes,Fusobacteria,Proteobacteria,Spirochaetes,Synergistetes,Tenericutes,Verrucomicrobia
47.38957277335265,2.0166545981173063,0.0,0.0,0.0,0.0,48.834178131788555,0.3222302679217958,1.4301230992034757,0.007241129616220129,0.0,0.0,0.0
17.912222676427962,8.974692482069196,0.0,0.0,0.0,0.0,60.54108290906388,2.6199412835854177,9.937195733769371,0.014864915084172581,0.0,0.0,0.0
42.664862019700735,0.5413940897811865,0.0,0.0,0.0,0.0,56.22979171366268,0.05263553650650425,0.5113166403488985,0.0,0.0,0.0,0.0
39.353034172443145,1.289067250395233,0.0,0.0,0.0,0.0,58.83497506992582,0.34050833029308036,0.18241517694272164,0.0,0.0,0.0,0.0
16.843740965596993,0.007227522405319457,0.0,0.0,0.0,0.0,83.09121133275514,0.0505926568372362,0.007227522405319457,0.0,0.0,0.0,0.0
32.04183158429863,8.275536511855913,0.0,0.0,0.0,0.0,54.395584443879585,0.664512146410545,4.622535313555321,0.0,0.0,0.0,0.0
33.12767656238659,2.660230819481745,0.0,0.0,0.0,0.0,52.10495753792552,1.0052986862161573,10.963925382884518,0.08347245409015025,0.032663134209189225,0.02177542280612615,0.0
19.3105529154409,2.2026099419174776,0.07920343969223806,0.0,0.0,0.0,73.69691483744437,1.4369766915591764,2.8022931281587082,0.16595006411707022,0.30549898167006106,0.0,0.0
14.611717899635925,5.4535900611792965,0.0,0.0,0.0,0.0,75.93364110648201,1.0621926960177157,2.8938182637090417,0.04503997297601621,0.0,0.0,0.0
32.63482048971008,1.2392969806219016,0.0,0.0,0.0,0.0,65.36728255971158,0.06008712633318312,0.6985128436232537,0.0,0.0,0.0,0.0
31.875861068812995,9.39018200275542,0.0,0.0,0.0,0.0,31.303023711115944,2.4218693350735987,24.987310564861144,0.021753317380900587,0.0,0.0,0.0
29.846771251368114,10.707770886537759,0.0,0.0,0.0,0.0,53.80518059102517,0.3684786574242977,5.271798613644655,0.0,0.0,0.0,0.0
40.308722877530215,1.5654579874763361,0.0036405999708752,0.0,0.0,0.0,55.50822775593418,0.6953545944371632,1.9185961846512307,0.0,0.0,0.0,0.0
42.655398236563855,4.408590348662789,0.0,0.0,0.0,0.0,52.31405261039769,0.16097757289723044,0.4609812314784327,0.0,0.0,0.0,0.0
37.72054276255957,2.0881079704609116,0.0,0.0,0.0,0.0,48.372076103168546,1.185928917021354,10.447815489832296,0.18552875695732837,0.0,0.0,0.0
39.44312145081517,3.9567686389448617,0.0,0.0,0.0,0.0,55.75013738779996,0.24180252793551935,0.5788605971789704,0.029309397325517492,0.0,0.0,0.0
41.20507560215788,4.019451409467366,0.0,0.0,0.0,0.0,53.31281817491072,0.250740825165261,1.2119139882987615,0.0,0.0,0.0,0.0
25.469270360278536,6.596276112624887,0.0,0.0,0.0,0.0,55.19224947017862,1.7408416590977898,10.92188919164396,0.07947320617620346,0.0,0.0,0.0
27.289945597420918,6.302639532540802,0.0,0.0,0.0,0.0,63.94519443884747,0.2941769091275438,2.091476929276647,0.076566592786621,0.0,0.0,0.0
25.41235567551357,8.243364822312191,0.0,0.0,0.0,0.0,59.165542060278895,1.4769830559304242,5.664267506372769,0.03748687959214275,0.0,0.0,0.0
58.77524335318902,2.6441958448351013,0.04358564579398518,0.0,0.0,0.0,35.40970507046346,2.103007409559785,0.864448641580706,0.01452854859799506,0.14528548597995058,0.0,0.0
23.20418093350153,0.16939989187240945,0.0,0.0,0.0,0.0,75.48026671472337,0.8506037123806092,0.29554874752207605,0.0,0.0,0.0,0.0
22.76777461455984,0.16267977964284394,0.0,0.0,0.0,0.0,76.88468221983953,0.01848633859577772,0.16637704736199949,0.0,0.0,0.0,0.0
27.51793071875477,0.11445139630703494,0.0,0.0,0.0,0.0,71.93651762551502,0.09537616358919578,0.33572409583396917,0.0,0.0,0.0,0.0
39.22198429693076,0.0,0.0,0.0,0.0,0.0,60.55198667618368,0.22602902688555793,0.0,0.0,0.0,0.0,0.0
50.10446685878962,0.039625360230547545,0.0,0.0,0.0,0.0,49.7478386167147,0.014409221902017292,0.09365994236311238,0.0,0.0,0.0,0.0
63.753375004623294,0.044383622443318414,0.0,0.0,0.0,0.0,36.15785775049007,0.0,0.044383622443318414,0.0,0.0,0.0,0.0
34.292338096685924,0.011401641836424446,0.0,0.0,0.0,0.0,65.69626026147765,0.0,0.0,0.0,0.0,0.0,0.0
28.779640537683125,0.25675879776468813,0.0,0.0,0.0,0.0,70.58979006192418,0.022655188038060717,0.3096209031868298,0.007551729346020239,0.03398278205709108,0.0,0.0
32.517660767606145,1.3473162916029422,0.0,0.032772558444395895,0.0,0.0,60.607384749836136,0.8848590779986891,4.511688879178501,0.09831767533318768,0.0,0.0,0.0
18.91911657159573,6.340500219394471,0.0,0.0,0.0,0.0,61.05382477694895,1.2871142313880357,11.609624104139241,0.7057188825508264,0.04387889425186486,0.040222319730876116,0.0
16.05707902417931,1.0774386508594285,0.0,0.0,0.0,0.0,65.12558106014198,1.430579078231415,16.24085618536269,0.06846600122518107,0.0,0.0,0.0
14.986975822724439,3.404630003301904,0.0,0.0,0.0,0.0,76.81329566716806,1.063946876031845,3.70913893678688,0.02201269398686576,0.0,0.0,0.0
39.431526557275056,7.5433548487440705,0.0,0.0,0.0,0.0,51.454234388366125,0.3538377789874796,1.2170464266272651,0.0,0.0,0.0,0.0
37.574281179640494,8.60369837227328,0.011072970878086591,0.0,0.0,0.0,49.182445650167935,2.6759679622042594,1.8270401948842874,0.08120178643930166,0.044291883512346364,0.0,0.0
54.976303317535546,0.014471256466842733,0.01808907058355342,0.0072356282334213665,0.0,0.0,44.85727723309576,0.03256032705039615,0.09406316703447777,0.0,0.0,0.0,0.0
40.604572212792085,1.9068944346130232,0.0,0.0,0.0,0.0,56.89624038426812,0.036115424897973925,0.5561775434287984,0.0,0.0,0.0,0.0
36.95762404925752,3.7196667873958713,0.0,0.0,0.0,0.0,52.604128938790296,0.7895689967403116,5.9253893516841725,0.003621876131836291,0.0,0.0,0.0
45.614730469876044,1.8773421735370424,0.0,0.0,0.0,0.0,51.48457768809456,0.281060824445085,0.7422888440472759,0.0,0.0,0.0,0.0
41.651776851300376,1.7113361127655349,0.0,0.0,0.0,0.0,55.56482032956125,0.6273575540996625,0.44470915227317853,0.0,0.0,0.0,0.0
48.5063009636768,1.2194217939214234,0.0,0.0,0.0,0.0,48.383988139362486,0.4670126019273536,1.3157894736842106,0.0815418828762046,0.025945144551519646,0.0,0.0
15.805504996099698,0.6277627131235838,0.03714572267003455,0.0,0.0,0.0,82.79410125924,0.27487834775825565,0.44203409977341107,0.0,0.018572861335017274,0.0,0.0
29.808527512368293,8.08187620378413,0.011329732995959062,0.0,0.0,0.0,53.967294837418336,1.9524906529702784,4.9510933192341104,0.9630273046565203,0.24170097058046,0.022659465991918124,0.0
35.902276932371706,0.02265604349960352,0.0,0.0,0.0,0.0,64.04863497337915,0.0,0.02643205074953744,0.0,0.0,0.0,0.0
36.03455202892728,9.887505022097228,0.016070711128967456,0.0,0.0,0.0,44.656488549618324,2.334270791482523,6.339895540377662,0.6026516673362796,0.08035355564483729,0.04821213338690237,0.0
13.44497222445858,3.0593349971821913,0.0,0.0,0.0,0.0,81.3420819579744,0.5192818613638194,1.5779727880202883,0.03622896707189437,0.020127203928830207,0.0,0.0
26.286840160906326,0.5213036696494541,0.00410475330432641,0.0,0.0,0.0,72.13693457023233,0.8332649207782612,0.12724735243411872,0.0,0.09030457269518101,0.0,0.0
14.622093023255815,1.9975083056478407,0.0,0.0,0.0,0.0,80.15365448504983,0.6602990033222591,0.8430232558139535,0.24086378737541528,1.4825581395348837,0.0,0.0
22.671224983674566,2.750355318249914,0.0,0.0,0.0,0.0,73.3991472362002,0.7260016133369186,0.4532708485383936,0.0,0.0,0.0,0.0
41.304743529069135,3.9790309075685313,0.0,0.0,0.0,0.0,45.2328078925334,0.8373075102843205,8.642469693108595,0.0,0.0,0.003640467436018785,0.0
44.79587165508344,0.04161638020724957,0.09987931249739897,0.0,0.0,0.0,54.138749011610976,0.42864871613467065,0.21224353905697282,0.0,0.2829913854092971,0.0,0.0
35.56544835584153,1.2494856159515169,0.044891698776701204,0.0,0.0,0.0037409748980584343,62.2984549773671,0.32172384123302533,0.49754966144177176,0.0,0.01870487449029217,0.0,0.0
13.362170664569406,13.67282736924892,0.011797090051120724,0.0,0.0,0.0,58.82815572158867,3.708218639402281,9.709005112072354,0.656704679512387,0.0,0.051120723554856466,0.0
26.942573683829384,2.317329278007097,0.12310811789412703,0.0,0.0,0.0,67.83981461365775,0.2244912738069375,1.3795350858135997,0.018104134984430444,1.1550438120066624,0.0,0.0
35.65990833527538,0.07768197001475957,0.015536394002951915,0.0,0.0,0.0,64.05655247417074,0.13205934902509125,0.02330459100442787,0.0,0.03495688650664181,0.0,0.0
30.56747734859323,0.6089285059242141,0.0,0.0,0.0,0.0,67.68277025787755,0.3814973772055317,0.7446535343531051,0.014672976046366604,0.0,0.0,0.0
26.897384609578438,0.3207910329471261,0.007548024304638261,0.0,0.0,0.0,72.11005019436163,0.5434577499339548,0.037740121523191304,0.0,0.08302826735102088,0.0,0.0
52.25118056306549,3.4065102195306585,0.0,0.0,0.0,0.0,40.571716953246096,0.811073861793014,2.9270754478930106,0.03244295447172056,0.0,0.0,0.0
25.287399223648848,8.334577485816661,0.014929829799940281,0.0,0.0,0.0,61.81696028665273,1.6833383099432668,1.8550313526425797,0.8957897879964168,0.06718423409973126,0.044789489399820845,0.0
23.559195830230827,2.6284437825763214,0.0,0.0,0.0,0.0,70.6813104988831,0.5398361876396128,2.5800446760982876,0.0,0.011169024571854057,0.0,0.0
26.27503654248805,2.947102279461147,0.00790107849721487,0.0,0.0,0.0,69.11863469363568,0.5570260340536484,0.6676411330146564,0.1461699521984751,0.2804882866511279,0.0,0.0
28.111517963963312,4.401261646666424,0.0,0.0,0.0,0.0,33.691041583584095,0.5909436972048001,33.13272667947649,0.06163216473915092,0.010876264365732517,0.0,0.0
28.683522231909325,1.588264281111406,0.0,0.0,0.0,0.0,65.45999014442212,2.960463970281642,1.25848148288541,0.026534248133126114,0.0,0.02274364125696524,0.0
29.251493588036077,2.838768598500704,0.0,0.0,0.0,0.0,66.10982153049963,0.38053198371323105,1.4117736595760872,0.007610639674264621,0.0,0.0,0.0
51.30944432079531,1.569107500556421,0.0,0.0,0.0,0.0,46.24601231545367,0.08160842792492025,0.6825432153720602,0.0,0.11128421989761851,0.0,0.0
31.47055590164535,3.620506431162739,0.0,0.0,0.0,0.0,51.48228223826451,1.3265418300414085,12.067133277144638,0.025651361354391878,0.0,0.007328960386969109,0.0
43.56854679218416,0.047464599319674075,0.04350921604303457,0.0,0.0,0.0,54.635709200221505,1.1707934498852939,0.5221105925164149,0.0,0.011866149829918519,0.0,0.0
38.710490316077475,3.009575923392613,0.0,0.0,0.0,0.0,56.05515155878753,0.46439628482972134,1.7603859169126646,0.0,0.0,0.0,0.0
34.57960970271749,1.9259529454678095,0.014590552617180376,0.0,0.0,0.0,49.97264271384279,1.1161772752142987,12.318074047054532,0.03282874338865585,0.040124019697246036,0.0,0.0
24.79602695991486,3.551298726892909,0.0,0.0,0.0,0.0,68.66501123329786,2.1678294115328525,0.7883016041937646,0.023649048125812935,0.007883016041937644,0.0,0.0
42.375688618442375,1.8183127497929643,0.0,0.0,0.0,0.0,54.72941345911496,1.0693839340366542,0.0,0.007201238613041443,0.0,0.0,0.0
7.739004425645243,37.5357380644656,0.23499001292445074,0.0,0.0,0.011749500646222535,45.642893510359144,1.9543336074883482,2.2206556221360594,1.5783495868092272,1.5509340853013749,1.5313515842243373,0.0
59.29870318046802,2.5936390639716,0.0,0.0,0.0,0.0,36.78185901615591,0.23545606027675142,1.0758530754183875,0.007244801854669276,0.007244801854669276,0.0,0.0
31.549768391873656,3.432177116387643,0.0,0.0,0.0,0.0,57.00113068534121,2.6005762847868112,5.3288105919684865,0.0875369296421928,0.0,0.0,0.0
28.862139272271015,14.558500627352572,0.5959849435382686,0.0,0.0,0.0,30.618726474278546,16.268036386449182,2.874058971141782,3.285759096612296,2.823086574654956,0.11370765370138018,0.0
14.81617108539622,1.9957521605390363,0.02197158341877838,0.0,0.0,0.0,77.21546799472682,0.9447780870074705,4.657975684781017,0.17211073678043065,0.16112494507104147,0.014647722279185588,0.0
35.56204506821253,17.4998910343024,0.1787037440613695,0.0,0.0,0.0,29.643028374667658,8.002440831626204,7.252756832149239,1.342457394412239,0.5186767205683651,0.0,0.0
29.641108050198962,2.6170798898071626,0.030609121518212427,0.0,0.0,0.0,60.87389041934497,0.9297520661157025,5.4599020508111415,0.31374349556167735,0.1147842056932966,0.019130700948882768,0.0
33.85664931998076,8.663139021297066,0.0,0.0,0.0,0.0,45.217999737613155,1.2900686578912843,9.922595880526524,0.5291468054401539,0.5204005772510605,0.0,0.0
37.62185403461952,3.6658141517476555,0.040772452648356126,0.0,0.0,0.0,51.7736016902035,0.3780718336483932,3.843730308758664,0.303940101560473,2.335149560769487,0.037065866043960116,0.0
39.08105127733872,2.2091527292777062,0.007351589781290204,0.0,0.0,0.0,57.41224039698585,0.323469950376769,0.8968939533174048,0.0,0.01837897445322551,0.05146112846903143,0.0
61.297402317046846,0.010793696481254948,0.0,0.007195797654169965,0.0,0.0,38.49751744980931,0.0,0.18709073900841908,0.0,0.0,0.0,0.0
28.499786183571125,4.820588578315126,0.0,0.0,0.0,0.0,63.21191151887417,0.6336741437623916,2.7912762897018233,0.0,0.03887571434125102,0.0038875714341251024,0.0
45.92835074297484,0.36780932764454904,0.25378843607473883,0.0,0.0,0.16183610416360159,49.860232455495066,1.2100926879505665,1.2799764602030308,0.0,0.9379137854936002,0.0,0.0
22.78826224500927,8.516053961674121,0.0,0.010908694229300754,0.0,0.0,61.80138904039853,1.276317224828188,4.512563179520745,0.9926911748663685,0.10181447947347369,0.0,0.0
27.2663021240189,1.0973477662463267,0.0,0.0,0.0,0.0,69.47141316073355,0.4686976899899564,1.6962392590112711,0.0,0.0,0.0,0.0
37.027569837502284,0.2921307285010042,0.010954902318787658,0.0,0.0,0.0036516341062625525,62.16541902501369,0.20449150995070295,0.1862333394193902,0.02556143874383787,0.05842614570020084,0.02556143874383787,0.0
3.5611907386990076,19.276001470047778,0.014700477765527378,0.018375597206909226,0.0,0.0,47.27673649393605,1.826534362366777,27.306137449467105,0.5880191106210952,0.09555310547592798,0.018375597206909226,0.018375597206909226
34.543201778360846,0.17856492110345834,0.0,0.0,0.0,0.0,65.01220800991217,0.10932546190007653,0.036441820633358844,0.0,0.12025800809008418,0.0,0.0
21.908581807174208,13.232177993037686,0.0,0.0,0.0,0.0,56.387165127894654,3.091418192825791,5.051460572120478,0.3102769789617073,0.011351596791281972,0.007567731194187983,0.0
39.13672185669872,0.589256019087557,0.0,0.0,0.0,0.0,58.379726700889314,0.24582459691996242,1.5219434603427082,0.06507121683175475,0.057841081628226446,0.003615067601764153,0.0
39.78501825000838,9.945417406154775,0.0066972507785554025,0.0,0.0,0.0,50.16575695676925,0.06027525700699862,0.016743126946388506,0.0,0.02009175233566621,0.0,0.0
22.009905237296728,0.0077993994462426395,0.0,0.0,0.0,0.0,77.50653199703623,0.10529189252427562,0.10529189252427562,0.0,0.26517958117224977,0.0,0.0
50.07693998681029,0.5092694365061918,0.007327617791455998,0.0,0.0,0.0,49.03275445152781,0.03297428006155199,0.19784568036931194,0.0,0.14288854693339195,0.0,0.0
28.58795432494962,0.07463243525636241,0.0,0.0,0.0,0.0,71.22919620867229,0.022389730576908726,0.03358459586536308,0.0,0.05224270467945369,0.0,0.0
47.681201691701915,0.03281318360799183,0.0,0.0,0.0,0.0,52.1911914831559,0.007291818579553741,0.08750182295464488,0.0,0.0,0.0,0.0
56.42876338925789,1.1287288363343186,0.00767842745805659,0.0,0.0,0.0,41.643951318769915,0.1650861903482167,0.46070564748339543,0.09214112949667908,0.07294506085153761,0.0,0.0
45.45653522051582,1.232991646299201,0.06566227702185094,0.0,0.0,0.0,51.2785904497866,0.1532119797176522,1.03965271951264,0.11673293692773502,0.6566227702185095,0.0,0.0
50.849104123192056,0.0,0.0,0.0,0.0,0.0,49.00697992372455,0.08994747067712457,0.021587392962509895,0.0,0.03238108944376484,0.0,0.0
44.99078981993158,3.5149054546821548,0.1127777151234916,0.0,0.030074057366264426,0.07518514341566106,44.08856809894365,0.8007217773767904,2.210443216420435,2.2668320739821812,1.8946656140746587,0.015037028683132213,0.0
40.3044487855221,3.881169142309535,0.09214551619918175,0.0,0.0,0.022114923887803617,47.87881021709484,1.4042976668755298,5.403413069920018,0.4017544506284325,0.6081604069145995,0.00368582064796727,0.0
44.76761397276495,4.8549437537004145,0.011101243339253997,0.0,0.0,0.0,46.51420959147424,0.6512729425695678,2.2202486678507993,0.7474837181764357,0.20352279455298994,0.029603315571343988,0.0
