,A. actinomycetemcomitans,P. intermedia,P. nigrescens,F. nucleatum,S. mutans,S. sobrinus,T. denticola,P. gingivalis,T. forsythia,E. corrodens,P. micra,F. alocis,P. endodontalis
A. actinomycetemcomitans,0.0,0.08794869615219722,0.7318766491104584,0.3505729500742514,1.0,0.7457462220509575,0.1478793054694909,0.12891592101164007,0.3191384019523337,0.8104152785257981,0.28205095461384205,0.08008250592098687,0.2727336018203916
P. intermedia,0.08794869615219722,0.0,0.026147153229356592,0.0003183472363195434,0.005235465672089631,0.2911849398041511,1.5613356192711566e-07,9.335853068366854e-06,2.1724059633377223e-05,0.2100466072441696,2.2957044348824506e-05,0.0005718802493029924,9.493835428829501e-07
P. nigrescens,0.7318766491104584,0.026147153229356592,0.0,1.4350737659144862e-07,0.6536621121265723,0.8337788665989762,3.1867622444570683e-06,0.09687405438182896,1.1913657368529813e-09,0.040237700933301444,0.05936336244183123,0.0003689826422369893,3.5141630650088034e-11
F. nucleatum,0.3505729500742514,0.0003183472363195442,1.4350737659144862e-07,0.0,0.3684584513084237,0.9924925157359222,5.076723842760705e-07,0.08987963757898194,1.5161759931886178e-09,0.0709988586004238,4.406493275735864e-05,5.065463406080846e-06,7.886524661195784e-10
S. mutans,1.0,0.005235465672089631,0.6536621121265723,0.3684584513084238,0.0,0.00012090444948458748,0.8975851335256341,0.0854970098630426,0.6513387845022838,0.7266863091361653,0.8082839558527665,0.2555906863702133,0.3310294107528566
S. sobrinus,0.7457462220509575,0.2911849398041511,0.8337788665989762,0.9924925157359222,0.00012090444948458748,0.0,0.5989348413334116,0.004231043154691469,0.8765718690308241,0.5072552720011085,0.47279953083990817,0.14968015126091197,0.6121725613956698
T. denticola,0.1478793054694909,1.5613356192711566e-07,3.1867622444570776e-06,5.076723842760705e-07,0.8975851335256341,0.5989348413334118,0.0,0.009400611592633078,4.883170645682001e-15,0.127149971493208,0.0011461994186808225,4.3874662307208206e-11,3.957003660738995e-10
P. gingivalis,0.12891592101164007,9.33585306836694e-06,0.09687405438182896,0.08987963757898187,0.0854970098630426,0.004231043154691469,0.009400611592633078,0.0,0.0013120158615467488,0.28591056100247725,0.028221668862351574,0.0056260601525040844,0.0030172769371276374
T. forsythia,0.3191384019523338,2.172405963337722e-05,1.1913657368529813e-09,1.516175993188648e-09,0.6513387845022837,0.8765718690308241,4.883170645682001e-15,0.0013120158615467488,0.0,0.006187133810916289,0.005941591951034597,1.0878272209399376e-08,1.0602334831434978e-10
E. corrodens,0.8104152785257981,0.2100466072441696,0.04023770093330147,0.0709988586004238,0.7266863091361653,0.5072552720011085,0.127149971493208,0.2859105610024772,0.006187133810916281,0.0,0.3831702735136794,0.27023119031076454,0.07964670032268956
P. micra,0.28205095461384183,2.2957044348824506e-05,0.059363362441831186,4.406493275735864e-05,0.8082839558527665,0.47279953083990817,0.0011461994186808225,0.028221668862351553,0.005941591951034597,0.3831702735136794,0.0,0.0007723099624040633,0.002138955568227775
F. alocis,0.08008250592098687,0.0005718802493029924,0.00036898264223699016,5.065463406080892e-06,0.2555906863702133,0.14968015126091197,4.3874662307208206e-11,0.005626060152504079,1.0878272209399376e-08,0.27023119031076454,0.0007723099624040633,0.0,3.573334134696169e-07
P. endodontalis,0.2727336018203916,9.493835428829501e-07,3.5141630650088034e-11,7.886524661195784e-10,0.3310294107528566,0.6121725613956698,3.957003660738995e-10,0.0030172769371276374,1.0602334831434978e-10,0.07964670032268971,0.002138955568227775,3.573334134696169e-07,0.0
