model,feature,coef,lo,hi,OR,ORlo,ORhi,p
Hal_Group_1,E. corrodens,-0.0464003120771635,-0.5507513112634661,0.45795068710913917,0.954659723871464,0.576516504283751,1.580831045790456,0.8569038949071285
Hal_Group_1,P. intermedia,0.26287709840866413,-0.1879232492293535,0.7136774460466817,1.300666855101875,0.8286783064906446,2.041484922086229,0.25307096792140027
Hal_Group_1,P. nigrescens,-0.36807622958884884,-0.862509462034944,0.12635700285724638,0.6920644238914132,0.4221015044340851,1.1346871825493492,0.14454391801706765
Hal_Group_2,F. nucleatum,-0.4855795764008743,-1.6582994419744506,0.6871402891727019,0.6153404565880358,0.19046259755724368,1.988022227829643,0.41705102980068465
Hal_Group_2,P. gingivalis,4.7539222657523315,2.492021524831186,7.015823006673477,116.03852705550726,12.085682950813137,1114.1231998234537,3.799750221514283e-05
Hal_Group_2,T. forsythia,-2.368600427668455,-3.865193659126388,-0.8720071962105225,0.09361165091396764,0.02095886316887586,0.4181114746648997,0.0019224428368485927
Hal_Group_3,P. endodontalis,-0.1362587297604789,-0.7925914865682416,0.5200740270472838,0.8726168313354785,0.4526701852417575,1.6821521698481159,0.6840809836800142
Hal_Group_3,T. denticola,0.21676800978956004,-0.4320061439028502,0.8655421634819702,1.242055923896628,0.6492053880180606,2.3762940766655944,0.512556655388644
NonHal_Group_1,P. gingivalis,4.685713258232509,2.4812131268876776,6.89021338957734,108.38755305886241,11.955759477182701,982.6110738099278,3.100636499379381e-05
NonHal_Group_1,P. intermedia,-0.24569523668699467,-1.085832629044626,0.5944421556706369,0.78216056244968,0.33762055614982034,1.8120198379749202,0.566519710455998
NonHal_Group_1,T. forsythia,-2.4600708248055723,-3.9578040345918906,-0.962337615019254,0.08542890026780223,0.019105022228515806,0.38199887514776576,0.0012850465737393618
NonHal_Group_2,P. endodontalis,0.17749755164651526,-0.5820962342794583,0.9370913375724889,1.1942251340136116,0.5587259177094673,2.552546115198162,0.646957307886917
NonHal_Group_2,P. nigrescens,-0.5031078628056974,-1.0803748191527163,0.07415909354132133,0.6046485717852248,0.33946826258955587,1.0769781321323444,0.08760377677321661
NonHal_Group_2,T. denticola,0.2133602746593068,-0.4434619646594454,0.870182513978059,1.237830529891825,0.6418106447564779,2.3873465378774585,0.5243403751338886
Single_P. gingivalis,P. gingivalis,2.0682129107220106,1.3006753681217451,2.835750453322276,7.910673398597213,3.6717756306298504,17.043185617673192,1.2824601318259864e-07
