partners,auc,ba
A. actinomycetemcomitans+P. intermedia,0.9318269841269842,0.852247619047619
A. actinomycetemcomitans+P. nigrescens,0.9191952380952382,0.8459619047619049
A. actinomycetemcomitans+F. nucleatum,0.9269079365079366,0.8177714285714286
A. actinomycetemcomitans+S. mutans,0.9078142857142858,0.8435142857142858
A. actinomycetemcomitans+S. sobrinus,0.9320380952380952,0.8383714285714287
A. actinomycetemcomitans+T. denticola,0.9271158730158731,0.8208380952380954
A. actinomycetemcomitans+T. forsythia,0.9647968253968254,0.8734571428571428
A. actinomycetemcomitans+E. corrodens,0.9154476190476191,0.8272285714285714
A. actinomycetemcomitans+P. micra,0.9038507936507938,0.838847619047619
A. actinomycetemcomitans+F. alocis,0.9085174603174604,0.8224666666666667
A. actinomycetemcomitans+P. endodontalis,0.9305968253968254,0.8464761904761906
P. intermedia+P. nigrescens,0.927347619047619,0.8385523809523808
P. intermedia+F. nucleatum,0.9307555555555554,0.8495619047619047
P. intermedia+S. mutans,0.9225190476190476,0.8614952380952382
P. intermedia+S. sobrinus,0.9462746031746033,0.8661238095238095
P. intermedia+T. denticola,0.9276301587301589,0.8247904761904763
P. intermedia+T. forsythia,0.9607396825396826,0.8641809523809524
P. intermedia+E. corrodens,0.9261031746031747,0.8409333333333334
P. intermedia+P. micra,0.9286952380952381,0.8521142857142857
P. intermedia+F. alocis,0.9288031746031746,0.8435428571428571
P. intermedia+P. endodontalis,0.9312666666666667,0.8529809523809524
P. nigrescens+F. nucleatum,0.9227269841269843,0.8351333333333333
P. nigrescens+S. mutans,0.9212428571428571,0.823647619047619
P. nigrescens+S. sobrinus,0.9365920634920635,0.8473047619047619
P. nigrescens+T. denticola,0.9258206349206349,0.8226
P. nigrescens+T. forsythia,0.9574507936507937,0.8469714285714286
P. nigrescens+E. corrodens,0.9145793650793651,0.8344285714285714
P. nigrescens+P. micra,0.9171269841269841,0.8329904761904762
P. nigrescens+F. alocis,0.9166888888888889,0.8405999999999999
P. nigrescens+P. endodontalis,0.9276507936507937,0.8447523809523809
F. nucleatum+S. mutans,0.9227873015873017,0.8162380952380953
F. nucleatum+S. sobrinus,0.942952380952381,0.8218380952380953
F. nucleatum+T. denticola,0.9324126984126985,0.8314
F. nucleatum+T. forsythia,0.9620952380952381,0.8667428571428573
F. nucleatum+E. corrodens,0.9231587301587301,0.8151428571428571
F. nucleatum+P. micra,0.9223682539682541,0.8155047619047618
F. nucleatum+F. alocis,0.9205682539682539,0.8223809523809523
F. nucleatum+P. endodontalis,0.9296761904761905,0.8381428571428572
S. mutans+S. sobrinus,0.9191539682539683,0.8473333333333333
S. mutans+T. denticola,0.9252841269841271,0.8386666666666668
S. mutans+T. forsythia,0.9604507936507937,0.8827142857142858
S. mutans+E. corrodens,0.916452380952381,0.8568095238095238
S. mutans+P. micra,0.9049206349206349,0.8422095238095239
S. mutans+F. alocis,0.9014952380952381,0.8350095238095239
S. mutans+P. endodontalis,0.9270920634920635,0.8529333333333334
S. sobrinus+T. denticola,0.9469190476190477,0.8447238095238095
S. sobrinus+T. forsythia,0.9716349206349207,0.8885523809523809
S. sobrinus+E. corrodens,0.9346095238095238,0.8423142857142857
S. sobrinus+P. micra,0.9218031746031746,0.8483619047619048
S. sobrinus+F. alocis,0.9282095238095239,0.8357238095238095
S. sobrinus+P. endodontalis,0.951352380952381,0.8598190476190476
T. denticola+T. forsythia,0.9618222222222222,0.8701619047619048
T. denticola+E. corrodens,0.9241857142857143,0.8128095238095238
T. denticola+P. micra,0.9279079365079365,0.8248190476190477
T. denticola+F. alocis,0.9231333333333334,0.8142952380952381
T. denticola+P. endodontalis,0.9305936507936508,0.846152380952381
T. forsythia+E. corrodens,0.9558888888888889,0.8564666666666666
T. forsythia+P. micra,0.9602698412698413,0.8484761904761906
T. forsythia+F. alocis,0.9604603174603173,0.8731904761904762
T. forsythia+P. endodontalis,0.9612825396825397,0.8628857142857144
E. corrodens+P. micra,0.9074126984126984,0.8386857142857143
E. corrodens+F. alocis,0.9097269841269843,0.8184761904761905
E. corrodens+P. endodontalis,0.9254285714285716,0.8404761904761906
P. micra+F. alocis,0.8989396825396825,0.8309619047619048
P. micra+P. endodontalis,0.9305746031746033,0.8408571428571429
F. alocis+P. endodontalis,0.9277587301587302,0.8412761904761905
