target,det0,det1,med0,q10,q30,med1,q11,q31,p,rho,p_rho,q
Aggregatibacter actinomycetemcomitans,0.027777777777777776,0.06666666666666667,0.0,0.0,0.0,0.0,0.0,0.0,0.3883576211354336,0.4974195889530914,1.0458416806377776e-07,0.4126299724563982
Prevotella intermedia,0.2777777777777778,0.5,0.0,0.0,3493.25,1659.0,0.0,182120.5,0.017654653860515054,0.7017006120828887,2.124185038492029e-16,0.05002151927145932
Prevotella nigrescens,0.8055555555555556,0.8,18692.5,5334.75,96709.5,42411.0,6429.25,393096.25,0.23382034100198745,0.5608436283394228,8.751942308114163e-10,0.2839246997881276
Lactobacillus casei,0.2777777777777778,0.16666666666666666,0.0,0.0,4595.5,0.0,0.0,0.0,0.21480539343900018,,,0.28089936065100024
Fusobacterium nucleatum,1.0,1.0,63728.5,18642.25,217590.5,191343.0,58232.0,516197.5,0.038696916434886396,0.3571687949894515,0.00022861493188683943,0.05980432539936988
Streptococcus mutans,0.5694444444444444,0.6666666666666666,3403.0,0.0,33104.0,12387.5,0.0,37750.75,0.48709992071977504,0.8299778529401327,4.2408372943272714e-27,0.48709992071977504
Streptococcus sobrinus,0.09722222222222222,0.03333333333333333,0.0,0.0,0.0,0.0,0.0,0.0,0.2633511286980619,0.8054606822025763,1.871997377806172e-24,0.29846461252447015
Treponema denticola,0.3888888888888889,0.7,0.0,0.0,15316.0,14539.0,0.0,118255.0,0.005635617882703956,0.5018667312007169,7.713677877734572e-08,0.023951376001491814
Porphyromonas gingivalis,0.5555555555555556,0.8,9999.5,0.0,272990.25,77809.5,8232.0,1550094.0,0.008393685909547454,0.6210591452258307,3.3089962970577824e-12,0.028538532092461343
Tannerella forsythia,0.7222222222222222,0.8333333333333334,4629.0,0.0,38254.25,23190.5,2662.5,144942.0,0.036603353592250885,0.45811412998520873,1.2884242166631285e-06,0.05980432539936988
Eikenella corrodens,0.6388888888888888,0.8333333333333334,8004.5,0.0,25427.5,20586.5,5866.0,94087.75,0.02719187134008725,0.09907774682122515,0.3218105591956944,0.05778272659768541
Parvimonas micra,0.9166666666666666,1.0,84598.5,15697.5,410665.5,598196.0,153825.0,1050052.5,0.000987006473444063,0.28864533542362814,0.0032595227533494565,0.00559303668284969
Campylobacter rectus,0.4861111111111111,0.7,0.0,0.0,6495.75,2811.0,0.0,67979.0,0.03608001604485231,,,0.05980432539936988
Eubacterium nodatum,0.5416666666666666,0.8666666666666667,2450.5,0.0,50735.0,230409.5,28485.0,1132883.75,2.8013293192255436e-06,,,4.762259842683424e-05
Fusobacterium alocis,1.0,1.0,10932.5,8234.5,18086.25,24091.5,12474.25,37090.25,0.0008665915291807497,0.319143830432745,0.0010777248406190303,0.00559303668284969
Porphyromonas endodontalis,0.7361111111111112,0.7333333333333333,10912.5,0.0,36737.5,26993.0,1281.0,169038.75,0.20359968049027188,0.4353881817946817,4.800791517797118e-06,0.28089936065100024
Total bacteria,1.0,1.0,118523893.5,17334443.25,324296910.75,211061349.0,95850585.0,458474610.0,0.02630874188460723,,,0.05778272659768541
