model,features,auc,auc_lo,auc_hi,ba,sens,spec,f1,prauc,d_auc
Periodontitis only,Periodontitis,0.5887428571428571,0.3944642857142857,0.7994642857142856,0.5887428571428572,0.4,0.7774857142857142,0.4034479540067775,0.3736837181337181,
Periodontitis + number of teeth,"Periodontitis, number of teeth",0.5828650793650794,0.3358333333333334,0.8203571428571429,0.5612380952380953,0.386,0.7364761904761905,0.37248551735875735,0.44629491068786736,
Hal_Group_1,"E. corrodens, P. intermedia, P. nigrescens, periodontitis, number of teeth",0.5394174603174603,0.2883928571428571,0.7605654761904763,0.5076952380952382,0.454,0.5613904761904762,0.34978478628354787,0.449574555023007,-0.01818253968253969
Hal_Group_2,"F. nucleatum, P. gingivalis, T. forsythia, periodontitis, number of teeth",0.9542507936507938,0.867202380952381,1.0,0.8603238095238096,0.8746666666666666,0.8459809523809523,0.7814699751229164,0.9230221556221555,-0.00784444444444432
Hal_Group_3,"P. endodontalis, T. denticola, periodontitis, number of teeth",0.516168253968254,0.27008928571428575,0.7975000000000001,0.5197714285714284,0.404,0.6355428571428572,0.3439096625858101,0.4316367451118999,0.10603333333333342
NonHal_Group_1,"P. gingivalis, P. intermedia, T. forsythia, periodontitis, number of teeth",0.9538920634920635,0.863095238095238,1.0,0.8592952380952381,0.8806666666666666,0.8379238095238095,0.7797024204553615,0.921936100936101,-0.006847619047619102
NonHal_Group_2,"P. endodontalis, P. nigrescens, T. denticola, periodontitis, number of teeth",0.5058428571428571,0.2632440476190476,0.7444444444444445,0.4866095238095238,0.43666666666666665,0.536552380952381,0.33147296855191594,0.447132786717926,-0.011804761904761873
Single_E. corrodens,"E. corrodens, periodontitis, number of teeth",0.5766158730158729,0.33333333333333326,0.8308333333333333,0.5513809523809524,0.3993333333333334,0.7034285714285713,0.3664762928595611,0.4517003350994837,0.07975238095238085
Single_F. nucleatum,"F. nucleatum, periodontitis, number of teeth",0.5930253968253968,0.35591269841269835,0.8379464285714286,0.5562190476190476,0.49533333333333335,0.6171047619047619,0.4017172236088645,0.5093496095493774,0.027130158730158782
Single_P. endodontalis,"P. endodontalis, periodontitis, number of teeth",0.5474126984126984,0.29300595238095234,0.7994642857142857,0.534952380952381,0.4093333333333334,0.6605714285714286,0.355378249717259,0.45780414067356795,0.13309999999999994
Single_P. gingivalis,"P. gingivalis, periodontitis, number of teeth",0.9045,0.7629761904761905,1.0,0.7922952380952382,0.746,0.8385904761904762,0.69876342972473,0.8269222614903728,-0.008877777777777873
Single_P. intermedia,"P. intermedia, periodontitis, number of teeth",0.5491809523809522,0.28431547619047615,0.7888888888888889,0.5565619047619048,0.396,0.7171238095238095,0.3664776902148419,0.4323015552358431,0.04541269841269824
Single_T. denticola,"T. denticola, periodontitis, number of teeth",0.5325809523809525,0.3,0.8055555555555556,0.5404761904761904,0.3833333333333333,0.6976190476190476,0.35185691779840383,0.4440505840450113,0.08037460317460332
Single_P. nigrescens,"P. nigrescens, periodontitis, number of teeth",0.5588269841269842,0.30080357142857145,0.8283333333333334,0.5133142857142857,0.4566666666666667,0.5699619047619049,0.3554784889688914,0.5066178804167968,-0.015188888888888807
Single_T. forsythia,"T. forsythia, periodontitis, number of teeth",0.5781111111111111,0.3358333333333333,0.8293154761904762,0.5248571428571429,0.46,0.5897142857142856,0.35712799872387974,0.4821698024971245,0.034326984126984206
