model,features,k,auc,auc_lo,auc_hi,ba,ba_lo,ba_hi,sens,spec,f1,prauc,perm_p
Hal_Group_1,"E. corrodens, P. intermedia, P. nigrescens",3,0.5576,0.3168154761904762,0.7699007936507937,0.5553047619047619,0.3177380952380952,0.7738095238095238,0.6093333333333333,0.5012761904761905,0.42464535128651426,0.3834657664173918,0.4975124378109453
Hal_Group_2,"F. nucleatum, P. gingivalis, T. forsythia",3,0.9620952380952381,0.8710119047619047,1.0,0.8667428571428573,0.6926190476190476,1.0,0.8933333333333333,0.840152380952381,0.789165130191446,0.9398801124801125,0.004975124378109453
Hal_Group_3,"P. endodontalis, T. denticola",2,0.41013492063492063,0.19047619047619044,0.6407142857142858,0.4342476190476191,0.23154761904761903,0.6,0.352,0.516495238095238,0.2641176504792227,0.3243360943637259,0.6567164179104478
NonHal_Group_1,"P. gingivalis, P. intermedia, T. forsythia",3,0.9607396825396826,0.8697619047619047,1.0,0.8641809523809524,0.7,1.0,0.8973333333333332,0.8310285714285714,0.7851119393162738,0.9359323047323047,0.004975124378109453
NonHal_Group_2,"P. endodontalis, P. nigrescens, T. denticola",3,0.517647619047619,0.2619047619047619,0.7443551587301588,0.511,0.2857142857142857,0.724047619047619,0.5133333333333333,0.5086666666666666,0.3705047438898428,0.3997337449873828,0.4079601990049751
Single_E. corrodens,E. corrodens,1,0.49686349206349206,0.4166666666666667,0.5357142857142857,0.4961428571428571,0.4166666666666667,0.5357142857142857,0.8626666666666667,0.12961904761904763,0.40535249890206415,0.29690661867086016,0.7860696517412935
Single_F. nucleatum,F. nucleatum,1,0.565895238095238,0.27095238095238094,0.7665178571428573,0.5201714285714286,0.2883928571428571,0.7261904761904762,0.4326666666666667,0.6076761904761905,0.35498905755407306,0.4090011390770678,0.13432835820895522
Single_P. endodontalis,P. endodontalis,1,0.4143126984126984,0.22777777777777777,0.5438194444444444,0.44152380952380954,0.25375000000000003,0.5833333333333333,0.4053333333333333,0.47771428571428565,0.3012915371178529,0.30046148133485595,0.835820895522388
Single_P. gingivalis,P. gingivalis,1,0.9133777777777778,0.7926388888888889,1.0,0.8330857142857143,0.6785714285714286,0.9661309523809524,0.8313333333333334,0.8348380952380953,0.748056111930725,0.823460828060828,0.004975124378109453
Single_P. intermedia,P. intermedia,1,0.503768253968254,0.24444444444444444,0.6611111111111112,0.510847619047619,0.24077380952380953,0.6904761904761905,0.3413333333333334,0.6803619047619047,0.32243188095014724,0.3515310297488316,0.3781094527363184
Single_T. denticola,T. denticola,1,0.45220634920634917,0.25729166666666664,0.6431944444444445,0.4609333333333333,0.2738095238095238,0.6536904761904763,0.35466666666666663,0.5672,0.29076088315597004,0.3418156695815364,0.6069651741293532
Single_P. nigrescens,P. nigrescens,1,0.574015873015873,0.32872023809523815,0.8051091269841271,0.5857142857142856,0.3463095238095238,0.7967857142857144,0.5966666666666667,0.5747619047619048,0.45165823972769725,0.36439138738225424,0.29850746268656714
Single_T. forsythia,T. forsythia,1,0.5437841269841269,0.2596626984126984,0.7330654761904762,0.5738571428571428,0.28386904761904763,0.75,0.6793333333333332,0.46838095238095234,0.4558399466553996,0.3438261031767223,0.5174129353233831
