m1,m2,auc1,auc2,diff,p,p_holm
NonHal_Group_1,Hal_Group_1,0.9607396825396826,0.5576,0.4031396825396826,8.161437031110949e-10,5.713005921777664e-09
NonHal_Group_1,Hal_Group_3,0.9607396825396826,0.41013492063492063,0.5506047619047619,3.748645293767639e-16,4.1235098231444026e-15
NonHal_Group_1,NonHal_Group_2,0.9607396825396826,0.517647619047619,0.44309206349206354,1.8689463287490464e-10,1.6820516958741417e-09
NonHal_Group_2,Hal_Group_3,0.517647619047619,0.41013492063492063,0.10751269841269841,0.12224311258588115,0.36672933775764344
NonHal_Group_1,Hal_Group_2,0.9607396825396826,0.9620952380952381,-0.0013555555555555632,0.8595667318310354,0.8595667318310354
Hal_Group_2,Hal_Group_1,0.9620952380952381,0.5576,0.4044952380952381,3.985085698737022e-10,3.1880685589896174e-09
Hal_Group_2,Hal_Group_3,0.9620952380952381,0.41013492063492063,0.5519603174603175,1.595112724306725e-16,1.91413526916807e-15
Hal_Group_2,NonHal_Group_2,0.9620952380952381,0.517647619047619,0.44444761904761904,8.197885606277973e-11,8.197885606277973e-10
NonHal_Group_2,Hal_Group_1,0.517647619047619,0.5576,-0.039952380952380954,0.4142312125581752,0.8284624251163504
Hal_Group_3,Hal_Group_1,0.41013492063492063,0.5576,-0.14746507936507935,0.07026613742472887,0.2810645496989155
NonHal_Group_1,Single_P. gingivalis,0.9607396825396826,0.9133777777777778,0.04736190476190475,0.019636574970408386,0.09818287485204193
Hal_Group_2,Single_P. gingivalis,0.9620952380952381,0.9133777777777778,0.04871746031746032,0.013953879425965963,0.08372327655579578
