model,target,r2,r2_lo,r2_hi,mae_ppb
Hal_Group_1,H2S (ppb),-0.11512534012505854,-0.5307898761683639,0.06719702671341218,112.66702005754146
Hal_Group_2,H2S (ppb),0.2906864992263792,-0.16173752377783865,0.5682182468328949,119.94676620294975
Hal_Group_3,H2S (ppb),-0.11964882172883655,-0.47270900070683614,-0.0021779787134637847,112.5015412101076
NonHal_Group_1,H2S (ppb),0.2881439656339941,-0.13787077606502707,0.5620346187692948,118.2410516545911
NonHal_Group_2,H2S (ppb),-0.13745499702790273,-0.5226620188656836,0.012806852918083998,112.45310728944196
Single_E. corrodens,H2S (ppb),-0.10152160442970569,-0.515094924787667,0.02201214111962728,112.30819823989985
Single_F. nucleatum,H2S (ppb),-0.08304584928372327,-0.3541654962490793,0.023359277310931428,112.0604208877126
Single_P. endodontalis,H2S (ppb),-0.092536645707041,-0.4024274964801378,0.001535046467443243,112.22710274729054
Single_P. gingivalis,H2S (ppb),0.26880674865228577,-0.1748183657113978,0.5554149671324182,112.85177385669805
Single_P. intermedia,H2S (ppb),-0.08027315975358663,-0.46656630918977116,0.044980041384471196,112.18927735239957
Single_T. denticola,H2S (ppb),-0.09132089604653106,-0.4356657283952825,0.005382099097092312,112.20108270917615
Single_P. nigrescens,H2S (ppb),-0.09144846868362083,-0.3415820678433603,0.0031184417778046163,112.16833746187834
Single_T. forsythia,H2S (ppb),-0.09112780062245346,-0.37526577961209134,-0.0013272267284644241,112.17193204677554
Hal_Group_1,CH3SH (ppb),-0.14355263253903727,-0.4817317307818561,0.008394131631901076,22.97482041662096
Hal_Group_2,CH3SH (ppb),0.28849549591217216,-0.1396892948736235,0.5308659741505047,21.856488099653035
Hal_Group_3,CH3SH (ppb),-0.1187600897718556,-0.38719523691651025,0.0031393902227513197,22.750484795155938
NonHal_Group_1,CH3SH (ppb),0.2926647498157965,-0.13786540403032835,0.5494773549897216,22.4709213503944
NonHal_Group_2,CH3SH (ppb),-0.13893507193645727,-0.45374873838861496,0.013504744405335549,22.868761881639802
Single_E. corrodens,CH3SH (ppb),-0.09993284688894911,-0.43414691887915574,-0.0014140863586755838,22.68111821452105
Single_F. nucleatum,CH3SH (ppb),-0.09312306250533434,-0.36499592239554296,-0.0001500356419695855,22.627000764578312
Single_P. endodontalis,CH3SH (ppb),-0.08926190795807287,-0.3464741460330779,0.006825905725379769,22.640800545637823
Single_P. gingivalis,CH3SH (ppb),0.2805451060426773,-0.1783628552691099,0.5498860901619322,21.722547606829714
Single_P. intermedia,CH3SH (ppb),-0.09432153065063409,-0.37978202533661076,0.015753436178350164,22.732919776979937
Single_T. denticola,CH3SH (ppb),-0.08962943961124915,-0.3623030466964101,0.00884458534484133,22.64603613512428
Single_P. nigrescens,CH3SH (ppb),-0.09151169017529162,-0.34226377197375196,-0.0020149940125834963,22.62543739354513
Single_T. forsythia,CH3SH (ppb),-0.09682183207099804,-0.3645664182577196,-0.0014015092376479593,22.637771268260064
Hal_Group_1,VSCs (ppb),-0.12105462155552085,-0.5511259970309597,0.0465224913675598,134.8101648984176
Hal_Group_2,VSCs (ppb),0.29672824285645616,-0.11938651288344078,0.542494441078844,143.87543050080953
Hal_Group_3,VSCs (ppb),-0.11512221651125525,-0.4587923195548166,0.0017433761476311818,134.32074394811747
NonHal_Group_1,VSCs (ppb),0.2974071413151657,-0.09951157085021624,0.5452899140300697,145.50758332246792
NonHal_Group_2,VSCs (ppb),-0.1296559421115261,-0.4869851967558603,0.02015980293043332,134.12364255834447
Single_E. corrodens,VSCs (ppb),-0.09981491185544888,-0.47122369755496746,0.0017814497735683733,134.06347770085299
Single_F. nucleatum,VSCs (ppb),-0.08483281839006605,-0.38459902090923054,0.012684831069912594,133.7572063590756
Single_P. endodontalis,VSCs (ppb),-0.08692006320742192,-0.3992457279513383,0.006379444139393642,133.9487385049066
Single_P. gingivalis,VSCs (ppb),0.28385355337285945,-0.14040267239180879,0.5620840661558423,136.13368721683747
Single_P. intermedia,VSCs (ppb),-0.07836692743295923,-0.434929026512586,0.03634424976031752,134.07535989105511
Single_T. denticola,VSCs (ppb),-0.08601223130694965,-0.41826796444668646,0.008920413714231855,133.90871826490587
Single_P. nigrescens,VSCs (ppb),-0.08673244787358439,-0.36233208118775434,0.0038531976632988174,133.80716316370047
Single_T. forsythia,VSCs (ppb),-0.08929435931711174,-0.34973023968240813,-0.0015749064371084916,133.86630007571887
